rva_start,rva_end,opt,arch,tune,n_funcs,n_opt_evidence,conf_opt,n_arch_evidence,conf_arch,n_tune_evidence,conf_tune,funclet_al,funclet_eax
0x00001020,0x000070FF,O1,SSE,?,308,70,1.00,87,0.95,0,0,0,0
0x00007100,0x0002BB1B,O2,?,G6,749,259,1.00,0,0,93,0.80,0,0
0x0002BB1C,0x0002F83F,O1,x87,?,140,81,1.00,2,0.50,0,0,0,0
0x0002F840,0x00040EDA,O2,?,G6,358,132,1.00,0,0,69,0.99,0,0
0x00040EDB,0x001164F4,O1,SSE,G7,3910,2241,1.00,856,0.98,129,1.00,0,0
0x001164F5,0x0012617B,O2,SSE,G7,197,71,0.99,23,1.00,23,1.00,0,0
0x0012617C,0x0012968F,O1,SSE,G7,18,4,1.00,3,1.00,1,1.00,0,0
0x00129690,0x0012C888,O2,SSE,G7,40,16,1.00,1,1.00,8,1.00,0,0
0x0012C889,0x0012D3CF,O1,?,?,8,8,1.00,0,0,0,0,0,0
0x0012D3D0,0x001310E2,O2,SSE,G7,26,15,1.00,5,1.00,4,1.00,0,0
0x001310E3,0x0013758F,O1,SSE,G7,123,65,0.97,21,1.00,2,1.00,0,0
0x00137590,0x00148B41,O2,SSE,G7,293,133,1.00,47,0.96,46,0.98,0,0
0x00148B42,0x001493EF,O1,?,?,21,15,1.00,0,0,0,0,0,0
0x001493F0,0x0014CD62,O2,SSE,G7,34,18,1.00,12,1.00,4,1.00,0,0
0x0014CD63,0x001541DF,O1,SSE,G7,257,159,1.00,18,0.94,6,1.00,0,0
0x001541E0,0x00167E59,O2,SSE,G7,217,110,0.99,42,1.00,45,1.00,0,0
0x00167E5A,0x00168FDF,O1,SSE,?,32,17,1.00,9,1.00,0,0,0,0
0x00168FE0,0x00170A3C,O2,SSE,G7,139,75,1.00,11,1.00,27,1.00,0,0
0x00170A3D,0x00171ADF,O1,SSE,?,40,14,1.00,2,1.00,0,0,0,0
0x00171AE0,0x001732E1,O2,SSE,G7,24,15,1.00,1,1.00,10,1.00,0,0
0x001732E2,0x00174E1F,O1,SSE,?,66,33,1.00,2,1.00,0,0,0,0
0x00174E20,0x0017785F,O2,SSE,G7,50,23,1.00,10,1.00,2,1.00,0,0
0x00177860,0x00178ECF,O1,SSE,?,9,5,1.00,6,1.00,0,0,0,0
0x00178ED0,0x0017FB40,O2,SSE,G7,41,17,1.00,12,1.00,8,1.00,0,0
0x0017FB41,0x00180F6F,O1,?,?,60,41,1.00,0,0,0,0,0,0
0x00180F70,0x0018BDCE,O2,SSE,G7,111,60,1.00,27,1.00,18,1.00,0,0
0x0018BDCF,0x0018D29F,O1,SSE,G7,36,16,1.00,2,1.00,1,1.00,0,0
0x0018D2A0,0x001B20E4,O2,SSE,G7,401,169,0.98,115,0.99,72,1.00,0,0
0x001B20E5,0x001B569F,O1,SSE,G7,69,35,0.94,20,1.00,3,1.00,0,0
0x001B56A0,0x001D8E98,O2,?,G6,197,58,1.00,0,0,44,1.00,0,0
0x001D8E99,0x0060273F,O1,SSE,G7,29744,15556,1.00,2836,0.96,456,1.00,0,0
0x00602740,0x00603943,O2,?,G6,24,17,1.00,0,0,6,1.00,0,0
0x00603944,0x00606CFF,O1,SSE,?,91,50,1.00,2,1.00,0,0,0,0
0x00606D00,0x0060B7CC,O2,?,G6,107,33,0.94,0,0,24,1.00,0,0
0x0060B7CD,0x0060F22F,O1,?,G7,134,53,1.00,0,0,1,1.00,0,0
0x0060F230,0x00628B5C,O2,x87,G7,478,225,1.00,16,0.88,85,0.60,0,0
0x00628B5D,0x0065484F,O1,?,?,162,21,0.90,0,0,0,0,0,0
0x00654850,0x00681AAF,O2,?,G7,900,266,0.98,0,0,152,0.51,0,0
0x00681AB0,0x0068255F,O1,?,G7,11,5,0.60,0,0,1,1.00,0,0
0x00682560,0x00682FFF,O2,?,G7,9,7,1.00,0,0,3,1.00,0,0
0x00683000,0x00684BAF,O1,?,G7,20,8,0.62,0,0,1,1.00,0,0
0x00684BB0,0x0073EE20,O2,SSE,G6,2399,901,0.99,207,0.64,408,0.93,0,0
0x0073EE21,0x00741D0F,O1,SSE,?,64,31,1.00,12,1.00,0,0,0,0
0x00741D10,0x0075A4DB,O2,SSE,G6,445,118,1.00,10,0.80,72,0.92,0,0
0x0075A4DC,0x00767747,O1,SSE,G7,3356,11,1.00,1,1.00,50,0.96,48,2
0x00767748,0x007AFC6A,O2,?,G7,20024,5,1.00,0,0,600,1.00,598,2
0x007AFC6B,0x007B712F,O1,SSE,?,67,9,1.00,1,1.00,0,0,0,0
0x007B7130,0x007B9CCA,O2,?,?,111,5,1.00,0,0,0,0,0,0
