rva,size,group_rva,members,masked_members,body_sha1
0x00007410,11,0x00007410,2,2,dc886f84bc515c5d
0x00007670,27,0x00007670,2,2,9f1bd5eba94eff94
0x000249A0,5,0x000249A0,11,11,79753941cca00c50
0x0002C230,6,0x0002C230,2,2,be4f874e747a53f1
0x0002C536,28,0x0002C536,2,1992,9681b8b4cb0667ef
0x0002C8D3,53,0x0002C8D3,14,76,a1fe06d69674ca1b
0x0002D8FE,6,0x0002C230,2,2,be4f874e747a53f1
0x00035780,7,0x00035780,2,137,74b6987996e86e75
0x00041184,28,0x00041184,2,1992,b3df707b0475e88b
0x000411A0,28,0x00041184,2,1992,b3df707b0475e88b
0x000416CB,28,0x000416CB,2,1992,1b85a22449d1ed34
0x00042070,28,0x00042070,2,1992,e777f8e58fcef2bc
0x000420E4,28,0x000420E4,2,1992,646530a0e0df3e2b
0x00051B6D,28,0x00051B6D,2,1992,cd88bd4866ee68bb
0x00053DC5,45,0x00053DC5,101,100,024d4f4e141c8857
0x00056CC3,53,0x0002C8D3,14,76,a1fe06d69674ca1b
0x00056CF8,53,0x0002C8D3,14,76,a1fe06d69674ca1b
0x00058ADE,178,0x00058ADE,3,17,301a27a5553fdd79
0x00058BBD,178,0x00058ADE,3,17,301a27a5553fdd79
0x000657D0,9,0x000657D0,2,18,6af7ffc438085e6f
0x000692F5,45,0x00053DC5,101,100,024d4f4e141c8857
0x0006F318,45,0x00053DC5,101,100,024d4f4e141c8857
0x00072892,7,0x00072892,2,137,2687c346e7e896a9
0x00072F7C,45,0x00053DC5,101,100,024d4f4e141c8857
0x00072FA9,28,0x00072FA9,2,1992,871176a343ea41bb
0x00072FC5,28,0x00072FA9,2,1992,871176a343ea41bb
0x00079111,28,0x00079111,2,1992,da85c4564184bad3
0x00079A0C,53,0x00079A0C,3,76,83f6b6f00b8960b4
0x0007E971,45,0x00053DC5,101,100,024d4f4e141c8857
0x0007FAB3,14,0x0007FAB3,2,3,b175cc16478d2b98
0x00081BAF,104,0x00081BAF,6,10,ca185dad2a770cc2
0x00081C17,104,0x00081BAF,6,10,ca185dad2a770cc2
0x0008257F,178,0x0008257F,10,2,ac687a7078a908e7
0x00082631,178,0x0008257F,10,2,ac687a7078a908e7
0x0008FFC4,28,0x0008FFC4,2,1992,15a6d85699c2e776
0x00091A56,4,0x00091A56,2,2,6e0804bdf3355360
0x000A7941,53,0x000A7941,8,76,ef95e61bcbc0605c
0x000AB09C,28,0x000AB09C,2,1992,95a1910cfd93387a
0x000AB0B8,28,0x000AB09C,2,1992,95a1910cfd93387a
0x000B3FD0,1,0x000B3FD0,11,11,22012c8c495cd87a
0x000B4384,97,0x000B4384,2,2,12996b5dca8bb4c2
0x000B646B,45,0x00053DC5,101,100,024d4f4e141c8857
0x000B6498,45,0x00053DC5,101,100,024d4f4e141c8857
0x000C0799,180,0x000C0799,2,7,3751404d9db21188
0x000C091B,180,0x000C0799,2,7,3751404d9db21188
0x000C8617,28,0x000C8617,2,1992,cfa9647fa20725ce
0x000C8DC3,28,0x00079111,2,1992,da85c4564184bad3
0x000D08A2,28,0x000C8617,2,1992,cfa9647fa20725ce
0x000D1E50,28,0x000D1E50,2,1992,2abf6e7bcb68d0ed
0x000D20A9,45,0x00053DC5,101,100,024d4f4e141c8857
0x000D20FC,28,0x000D1E50,2,1992,2abf6e7bcb68d0ed
0x000D43D0,3,0x000D43D0,2,2,4d63f30782011b52
0x000EF981,28,0x000EF981,2,1992,78019cfbf786dadb
0x00104F73,28,0x0008FFC4,2,1992,15a6d85699c2e776
0x0010670B,10,0x0010670B,2,2,a20189f7923a5499
0x0010EFF0,28,0x0010EFF0,2,1992,6aa21ec3d349cc81
0x0011653F,28,0x0010EFF0,2,1992,6aa21ec3d349cc81
0x00118800,12,0x00118800,2,17,bdc8f87e1cc897d4
0x0012D720,44,0x0012D720,2,2,d944749818b37b02
0x001320B4,28,0x000EF981,2,1992,78019cfbf786dadb
0x00133990,97,0x000B4384,2,2,12996b5dca8bb4c2
0x001363CC,53,0x000A7941,8,76,ef95e61bcbc0605c
0x0013C010,30,0x0013C010,2,139,8ce1c5cb457ca9ca
0x0013C860,30,0x0013C860,2,139,d30b06a9135d2470
0x0013ED10,10,0x0010670B,2,2,a20189f7923a5499
0x00142D70,14,0x0007FAB3,2,3,b175cc16478d2b98
0x00144010,4,0x00144010,2,2,e814453a37970dfd
0x0014F3C4,11,0x00007410,2,2,dc886f84bc515c5d
0x001553C0,51,0x001553C0,4,4,1a2416870f946fa3
0x00155A00,25,0x00155A00,2,2,150d8d17ba7b4c82
0x001627F0,7,0x001627F0,2,2,fb38224ed03dbdaf
0x0016CB50,51,0x001553C0,4,4,1a2416870f946fa3
0x0016CC30,29,0x0016CC30,2,2,ab7887c9af9ea5e1
0x0017098D,12,0x00118800,2,17,bdc8f87e1cc897d4
0x00179010,14,0x00179010,2,2,14408f10ef9395fc
0x00179040,10,0x00179040,2,2,a8f9765a8795671b
0x001811B0,30,0x0013C010,2,139,8ce1c5cb457ca9ca
0x001826C0,3,0x001826C0,2,2,3883c4ce981fc935
0x0018C262,45,0x00053DC5,101,100,024d4f4e141c8857
0x00195CE0,25,0x00195CE0,2,2,9ea91e6d0de204ca
0x001A47BC,28,0x001A47BC,2,1,456cb463b2f7993b
0x001B28DE,28,0x001A47BC,2,1992,456cb463b2f7993b
0x001B35F0,14,0x001B35F0,2,2,b9fb5d5708120514
0x001DD70F,45,0x00053DC5,101,100,024d4f4e141c8857
0x001DFA84,28,0x001DFA84,2,1992,70824f168c7824d7
0x001E0A3B,28,0x001DFA84,2,1992,70824f168c7824d7
0x001E4954,45,0x00053DC5,101,100,024d4f4e141c8857
0x001F0468,45,0x00053DC5,101,100,024d4f4e141c8857
0x001F4524,28,0x001F4524,2,1992,4322e0fc9733323d
0x001F8276,53,0x0002C8D3,14,76,a1fe06d69674ca1b
0x001FA5BB,59,0x001FA5BB,2,14,62df1aabe0b82df6
0x001FA5F6,59,0x001FA5BB,2,14,62df1aabe0b82df6
0x001FD42B,45,0x00053DC5,101,100,024d4f4e141c8857
0x001FD458,45,0x00053DC5,101,100,024d4f4e141c8857
0x001FD751,115,0x001FD751,11,38,56a1346470a13ed4
0x001FD7C4,115,0x001FD751,11,38,56a1346470a13ed4
0x00204136,45,0x00053DC5,101,100,024d4f4e141c8857
0x00204ADA,28,0x0002C536,2,1992,9681b8b4cb0667ef
0x00206593,53,0x00206593,8,76,268e9fa5042a6243
0x002065C8,53,0x00206593,8,76,268e9fa5042a6243
0x002065FD,53,0x00206593,8,76,268e9fa5042a6243
0x00206632,53,0x00206593,8,76,268e9fa5042a6243
0x00206667,53,0x0002C8D3,14,76,a1fe06d69674ca1b
0x0020669C,53,0x00206593,8,76,268e9fa5042a6243
0x002066D1,53,0x00206593,8,76,268e9fa5042a6243
0x00211121,28,0x00211121,2,1992,f1c94e53feb78695
0x0021119B,45,0x00053DC5,101,100,024d4f4e141c8857
0x002177CD,53,0x002177CD,3,76,7094527c02bcc9c5
0x00217A37,53,0x0002C8D3,14,76,a1fe06d69674ca1b
0x0021983A,7,0x001627F0,2,2,fb38224ed03dbdaf
0x00219880,45,0x00053DC5,101,100,024d4f4e141c8857
0x0021C2CC,115,0x001FD751,11,38,56a1346470a13ed4
0x0021C459,53,0x0021C459,3,76,d9439ae0c85ade9e
0x0021C83E,58,0x0021C83E,2,15,159ed64dcfe0a346
0x0021D674,53,0x00079A0C,3,76,83f6b6f00b8960b4
0x0022115A,53,0x0002C8D3,14,76,a1fe06d69674ca1b
0x0022168A,28,0x0022168A,2,1992,5e1dbb148d881ad6
0x00226317,28,0x00226317,2,1992,457228aef074d880
0x00226829,45,0x00053DC5,101,100,024d4f4e141c8857
0x00226856,45,0x00053DC5,101,100,024d4f4e141c8857
0x00226883,45,0x00053DC5,101,100,024d4f4e141c8857
0x002268B0,45,0x00053DC5,101,100,024d4f4e141c8857
0x002294A3,45,0x00053DC5,101,100,024d4f4e141c8857
0x002294D0,45,0x00053DC5,101,100,024d4f4e141c8857
0x0022CFB1,53,0x0002C8D3,14,76,a1fe06d69674ca1b
0x00238C0B,28,0x000416CB,2,1992,1b85a22449d1ed34
0x0023A076,178,0x00058ADE,3,17,301a27a5553fdd79
0x00240CAB,53,0x000A7941,8,76,ef95e61bcbc0605c
0x00246213,28,0x00042070,2,1992,e777f8e58fcef2bc
0x002533E0,28,0x002533E0,2,1992,9c980b8f0e3821a0
0x0025361E,28,0x0025361E,2,1992,132522cbd364d767
0x00254008,28,0x00254008,2,1992,9afcda1f2fb00ae5
0x00254029,28,0x00254029,2,1992,264c96cdde09fe9a
0x00254418,28,0x00254418,2,1992,092c4c00c312eaa6
0x002549A5,28,0x002549A5,2,1992,4b30c653d8bd1a7a
0x00254B56,28,0x00254B56,2,1992,862254b22bf486b7
0x00254D0B,45,0x00053DC5,101,100,024d4f4e141c8857
0x00254D38,45,0x00053DC5,101,100,024d4f4e141c8857
0x002563B2,28,0x002563B2,2,1992,f0c8d6a585df2686
0x0025706B,28,0x0025706B,2,1992,26e9a998923f7b98
0x002571DD,28,0x000420E4,2,1992,646530a0e0df3e2b
0x002576F3,28,0x002576F3,2,1992,7626bf3711c38833
0x002579E9,28,0x002579E9,2,1992,699e495355e32adb
0x002628F9,14,0x00179010,2,2,14408f10ef9395fc
0x0026C238,53,0x00079A0C,3,76,83f6b6f00b8960b4
0x0026E67D,28,0x00254418,2,1992,092c4c00c312eaa6
0x0027F4CB,45,0x00053DC5,101,100,024d4f4e141c8857
0x00286183,45,0x00053DC5,101,100,024d4f4e141c8857
0x0028881C,45,0x00053DC5,101,100,024d4f4e141c8857
0x0028F662,45,0x00053DC5,101,100,024d4f4e141c8857
0x0029B63A,45,0x00053DC5,101,100,024d4f4e141c8857
0x0029B667,45,0x00053DC5,101,100,024d4f4e141c8857
0x002A13DB,53,0x0002C8D3,14,76,a1fe06d69674ca1b
0x002A8B8C,45,0x00053DC5,101,100,024d4f4e141c8857
0x002B2210,10,0x002B2210,2,2,aa878193f530348d
0x002B4360,45,0x00053DC5,101,100,024d4f4e141c8857
0x002B438D,45,0x00053DC5,101,100,024d4f4e141c8857
0x002B43BA,45,0x00053DC5,101,100,024d4f4e141c8857
0x002B44DC,45,0x00053DC5,101,100,024d4f4e141c8857
0x002B4509,45,0x00053DC5,101,100,024d4f4e141c8857
0x002B60F9,45,0x00053DC5,101,100,024d4f4e141c8857
0x002B61FB,115,0x001FD751,11,38,56a1346470a13ed4
0x002B8174,178,0x0008257F,10,17,ac687a7078a908e7
0x002C5556,58,0x0021C83E,2,15,159ed64dcfe0a346
0x002CA82C,29,0x0016CC30,2,2,ab7887c9af9ea5e1
0x002CF2D5,45,0x00053DC5,101,100,024d4f4e141c8857
0x002CF302,45,0x00053DC5,101,100,024d4f4e141c8857
0x002CF32F,45,0x00053DC5,101,100,024d4f4e141c8857
0x002CF6CF,115,0x002CF6CF,4,38,7a01a2e96269cca6
0x002CFD61,53,0x0002C8D3,14,76,a1fe06d69674ca1b
0x002CFD96,115,0x001FD751,11,38,56a1346470a13ed4
0x002D2580,44,0x0012D720,2,2,d944749818b37b02
0x002D394B,45,0x00053DC5,101,100,024d4f4e141c8857
0x002D8FB7,45,0x00053DC5,101,100,024d4f4e141c8857
0x002D95FE,10,0x00179040,2,2,a8f9765a8795671b
0x002DA070,28,0x00051B6D,2,1992,cd88bd4866ee68bb
0x002E0D66,45,0x00053DC5,101,100,024d4f4e141c8857
0x002E4482,59,0x002E4482,2,18,9690c22fdda7a0bc
0x002E44BD,53,0x00206593,8,76,268e9fa5042a6243
0x002E6A93,10,0x002E6A93,2,2,6142ca1ad1f452e3
0x002EADB4,45,0x00053DC5,101,100,024d4f4e141c8857
0x0030F45F,4,0x00144010,2,2,e814453a37970dfd
0x00314046,4,0x00314046,2,2,ad9f223bcb7d0b5e
0x00318B09,10,0x00318B09,2,2,6395c5f85940ab0d
0x0032B4B2,59,0x002E4482,2,18,9690c22fdda7a0bc
0x0032B4ED,53,0x00206593,8,76,268e9fa5042a6243
0x0033F8CA,10,0x0033F8CA,2,2,490f758bfef01d6e
0x0034280A,28,0x0034280A,2,1992,3df42b2d3c532329
0x00346CFB,28,0x0034280A,2,1992,3df42b2d3c532329
0x00357153,45,0x00053DC5,101,100,024d4f4e141c8857
0x00358D62,53,0x002177CD,3,76,7094527c02bcc9c5
0x003628A6,45,0x00053DC5,101,100,024d4f4e141c8857
0x0036426E,45,0x00053DC5,101,100,024d4f4e141c8857
0x0036429B,45,0x00053DC5,101,100,024d4f4e141c8857
0x00372ED3,45,0x00053DC5,101,100,024d4f4e141c8857
0x00372F00,45,0x00053DC5,101,100,024d4f4e141c8857
0x00380EB1,53,0x000A7941,8,76,ef95e61bcbc0605c
0x0038201D,45,0x00053DC5,101,100,024d4f4e141c8857
0x0038204A,45,0x00053DC5,101,100,024d4f4e141c8857
0x00382077,45,0x00053DC5,101,100,024d4f4e141c8857
0x003820A4,45,0x00053DC5,101,100,024d4f4e141c8857
0x003820D1,45,0x00053DC5,101,100,024d4f4e141c8857
0x003833BB,53,0x000A7941,8,76,ef95e61bcbc0605c
0x003875DB,144,0x003875DB,2,1,cda9b39757be1dcc
0x00387717,144,0x003875DB,2,1,cda9b39757be1dcc
0x00387EA9,53,0x0021C459,3,76,d9439ae0c85ade9e
0x00388EAE,45,0x00053DC5,101,100,024d4f4e141c8857
0x00395CEB,45,0x00053DC5,101,100,024d4f4e141c8857
0x00395D18,45,0x00053DC5,101,100,024d4f4e141c8857
0x00397C94,53,0x000A7941,8,76,ef95e61bcbc0605c
0x0039EA21,45,0x00053DC5,101,100,024d4f4e141c8857
0x003A9CDC,28,0x003A9CDC,2,1992,03b8ce126f1c0085
0x003A9F23,28,0x003A9F23,2,1992,bc0b1c1033965343
0x003AA163,28,0x003AA163,2,24,0b536b60713161e4
0x003AA1EA,28,0x001F4524,2,1992,4322e0fc9733323d
0x003AA6E8,28,0x003A9CDC,2,1992,03b8ce126f1c0085
0x003AA79A,28,0x003A9F23,2,1992,bc0b1c1033965343
0x003AB92A,28,0x003AA163,2,1992,0b536b60713161e4
0x003ACEBA,28,0x003ACEBA,2,1992,9dc08729f3f5c366
0x003ACEDB,28,0x003ACEDB,2,1992,7e120dde10d41d4a
0x003AD257,28,0x003AD257,2,1992,82ae4da846f15fa4
0x003AD3F7,28,0x003AD3F7,2,1992,6eccd61bf00ae8f7
0x003AD413,28,0x003AD413,2,1992,705ae04585fa1e39
0x003AD42F,28,0x003AD42F,2,1992,6802be8c101a4c57
0x003AE492,28,0x003AE492,2,1992,71494985fa704bdf
0x003AE720,28,0x003ACEBA,2,1992,9dc08729f3f5c366
0x003AE73C,28,0x003AE492,2,1992,71494985fa704bdf
0x003AE8D5,28,0x003AD257,2,1992,82ae4da846f15fa4
0x003AE9BF,28,0x003ACEDB,2,1992,7e120dde10d41d4a
0x003AEEFC,28,0x003AEEFC,2,1992,6ab20f62ca1fe028
0x003AEF18,28,0x003AEEFC,2,1992,6ab20f62ca1fe028
0x003AEFF6,28,0x003AD3F7,2,1992,6eccd61bf00ae8f7
0x003AF10B,28,0x003AD413,2,1992,705ae04585fa1e39
0x003AF929,28,0x003AD42F,2,1992,6802be8c101a4c57
0x003B31DF,23,0x003B31DF,2,6,06b05fa972020f41
0x003B3204,23,0x003B31DF,2,6,06b05fa972020f41
0x003B3221,86,0x003B3221,2,2,6cf67dd089789982
0x003B3277,86,0x003B3221,2,2,6cf67dd089789982
0x003B7F8E,82,0x003B7F8E,2,1,f4e7c736fdc635c6
0x003B820D,82,0x003B7F8E,2,1,f4e7c736fdc635c6
0x003ED68D,53,0x0002C8D3,14,76,a1fe06d69674ca1b
0x003FB4EC,28,0x00211121,2,1992,f1c94e53feb78695
0x003FD173,28,0x003FD173,2,1992,78ded6f0066c185e
0x003FDC25,28,0x003FD173,2,1992,78ded6f0066c185e
0x004070D4,45,0x00053DC5,101,100,024d4f4e141c8857
0x0041090E,53,0x0002C8D3,14,76,a1fe06d69674ca1b
0x0041331E,45,0x00053DC5,101,100,024d4f4e141c8857
0x004136B4,115,0x004136B4,3,38,abd697fdffd2d77d
0x00413E73,115,0x004136B4,3,38,abd697fdffd2d77d
0x0041848D,115,0x001FD751,11,38,56a1346470a13ed4
0x00418E05,115,0x001FD751,11,38,56a1346470a13ed4
0x00419B8D,7,0x00419B8D,2,137,fdc4fda292ff6c58
0x00421728,28,0x00421728,2,1992,9879ed834a2ed793
0x00421BF7,45,0x00053DC5,101,100,024d4f4e141c8857
0x00421C24,45,0x00053DC5,101,100,024d4f4e141c8857
0x00421CE9,45,0x00053DC5,101,100,024d4f4e141c8857
0x00425EA6,45,0x00053DC5,101,100,024d4f4e141c8857
0x0043B2E2,45,0x00053DC5,101,100,024d4f4e141c8857
0x0043EA9C,45,0x00053DC5,101,100,024d4f4e141c8857
0x0044EF42,28,0x0044EF42,2,1992,fdd1964665a753ff
0x004522F0,28,0x004522F0,2,1992,41d2cb73c6e9be52
0x004583AF,14,0x001B35F0,2,2,b9fb5d5708120514
0x0045CEF4,28,0x0045CEF4,2,1992,6a669895cb523dbb
0x0045E88D,28,0x0045E88D,2,1992,2c53b31414619e23
0x0045E98E,28,0x0045E88D,2,1992,2c53b31414619e23
0x00460B50,28,0x00460B50,2,1992,7230947d8abdae79
0x00462D08,45,0x00053DC5,101,100,024d4f4e141c8857
0x00462D35,45,0x00053DC5,101,100,024d4f4e141c8857
0x00463782,53,0x000A7941,8,76,ef95e61bcbc0605c
0x00465221,28,0x002576F3,2,1992,7626bf3711c38833
0x00468029,28,0x00468029,2,1992,e544fd5563e30910
0x004684D5,28,0x004684D5,2,1992,b45925b22a44374c
0x00469C07,45,0x00053DC5,101,100,024d4f4e141c8857
0x00469C34,45,0x00053DC5,101,100,024d4f4e141c8857
0x00469D1A,25,0x00155A00,2,2,150d8d17ba7b4c82
0x0046A9D2,45,0x00053DC5,101,100,024d4f4e141c8857
0x00475E86,28,0x0025361E,2,1992,132522cbd364d767
0x004771CA,28,0x00468029,2,1992,e544fd5563e30910
0x00477D73,28,0x004684D5,2,1992,b45925b22a44374c
0x0047860D,28,0x0047860D,2,1992,08372490f3ef7886
0x0047981E,28,0x002579E9,2,1992,699e495355e32adb
0x0047A12B,28,0x0047860D,2,1992,08372490f3ef7886
0x0047A699,3,0x0047A699,2,2,011ed6f4d39ecd8f
0x0047C2D6,28,0x0047C2D6,2,1992,528213838fe87fd1
0x0047E4FF,28,0x0047C2D6,2,1992,528213838fe87fd1
0x00480645,28,0x00480645,2,1992,d98d7bf582ad0593
0x004806FC,28,0x00480645,2,1992,d98d7bf582ad0593
0x00482C39,17,0x00482C39,2,2,41b51fc52e3d30ac
0x004867DD,28,0x0045CEF4,2,1992,6a669895cb523dbb
0x00488D1F,28,0x00488D1F,2,1992,8e73bf4adb952ca0
0x0048DC01,6,0x0048DC01,2,2,d7e5379ee6bc54ed
0x00493333,28,0x00493333,2,1992,a44b8bdcb202a6f8
0x004941D7,28,0x00254B56,2,1992,862254b22bf486b7
0x00495CD0,28,0x00421728,2,1992,9879ed834a2ed793
0x00498964,28,0x00254008,2,1992,9afcda1f2fb00ae5
0x00498DD7,28,0x00254029,2,1992,264c96cdde09fe9a
0x004A10FD,28,0x004A10FD,2,1992,032a42dbd54a389a
0x004ABAD6,45,0x00053DC5,101,100,024d4f4e141c8857
0x004AD538,28,0x0044EF42,2,1992,fdd1964665a753ff
0x004AF161,28,0x002533E0,2,1992,9c980b8f0e3821a0
0x004AF28F,45,0x00053DC5,101,100,024d4f4e141c8857
0x004B4991,28,0x004B4991,2,1992,2128484f65ea65f3
0x004B4ADE,28,0x004B4991,2,1992,2128484f65ea65f3
0x004B70CF,28,0x00460B50,2,1992,7230947d8abdae79
0x004B7BAA,17,0x00482C39,2,2,41b51fc52e3d30ac
0x004B8D32,28,0x002549A5,2,1992,4b30c653d8bd1a7a
0x004B973B,28,0x004B973B,2,1992,1cb004080f6601dd
0x004BB4B5,28,0x004B973B,2,1992,1cb004080f6601dd
0x004BC7E2,28,0x002563B2,2,1992,f0c8d6a585df2686
0x004BF9B5,28,0x0025706B,2,1992,26e9a998923f7b98
0x004C154D,28,0x004C154D,2,1992,10a2d2beadc76aee
0x004C182F,28,0x004C154D,2,1992,10a2d2beadc76aee
0x004C2A84,28,0x00493333,2,6,a44b8bdcb202a6f8
0x004C2C5A,28,0x004522F0,2,1992,41d2cb73c6e9be52
0x004C5683,28,0x004C5683,2,1992,7fe4eeb7435d191d
0x004D0545,45,0x00053DC5,101,100,024d4f4e141c8857
0x004D0572,45,0x00053DC5,101,100,024d4f4e141c8857
0x004D1B38,53,0x000A7941,8,76,ef95e61bcbc0605c
0x004D74E2,45,0x00053DC5,101,100,024d4f4e141c8857
0x004D7A59,28,0x00488D1F,2,1992,8e73bf4adb952ca0
0x004D8507,28,0x004A10FD,2,1992,032a42dbd54a389a
0x004D968D,45,0x00053DC5,101,100,024d4f4e141c8857
0x004DC87E,45,0x00053DC5,101,100,024d4f4e141c8857
0x004E1D95,115,0x002CF6CF,4,38,7a01a2e96269cca6
0x004E1F97,53,0x0002C8D3,14,2,a1fe06d69674ca1b
0x004E7B13,45,0x00053DC5,101,100,024d4f4e141c8857
0x004E9419,45,0x00053DC5,101,100,024d4f4e141c8857
0x004EA149,45,0x00053DC5,101,100,024d4f4e141c8857
0x004F5F92,4,0x004F5F92,2,2,61662ca1df38b319
0x004F7DF9,104,0x00081BAF,6,1,ca185dad2a770cc2
0x004F823B,178,0x0008257F,10,17,ac687a7078a908e7
0x004F830B,104,0x00081BAF,6,10,ca185dad2a770cc2
0x004F88F6,178,0x0008257F,10,17,ac687a7078a908e7
0x004FCA9C,45,0x00053DC5,101,100,024d4f4e141c8857
0x004FCAC9,45,0x00053DC5,101,100,024d4f4e141c8857
0x004FCAF6,45,0x00053DC5,101,100,024d4f4e141c8857
0x004FF3DB,45,0x00053DC5,101,100,024d4f4e141c8857
0x004FF408,45,0x00053DC5,101,100,024d4f4e141c8857
0x004FFC23,115,0x001FD751,11,38,56a1346470a13ed4
0x004FFC96,115,0x001FD751,11,38,56a1346470a13ed4
0x004FFD09,115,0x001FD751,11,38,56a1346470a13ed4
0x00507807,28,0x00507807,2,1992,61eaa192e9f5b7dc
0x00508668,28,0x00508668,2,1992,a1c93e6a71f949c7
0x00508F8C,28,0x00507807,2,1992,61eaa192e9f5b7dc
0x0050B21C,28,0x00508668,2,1992,a1c93e6a71f949c7
0x0050B5C6,3,0x001826C0,2,2,3883c4ce981fc935
0x0050B5F1,5,0x0050B5F1,2,2,50c93c0399209663
0x0051062D,28,0x0051062D,2,1992,13832aa6ae522450
0x00510649,28,0x0051062D,2,1992,13832aa6ae522450
0x00511AD4,11,0x00511AD4,2,2,55440cd770fd5ad8
0x0051D807,74,0x0051D807,2,9,7545ec176ac36fb0
0x0051D851,23,0x0051D851,2,73,524b32fcb75315c2
0x00531AEE,50,0x00531AEE,2,2,c4012aaefb20b0db
0x00531C5A,50,0x00531AEE,2,2,c4012aaefb20b0db
0x005344C8,115,0x001FD751,11,38,56a1346470a13ed4
0x0053BAE1,45,0x00053DC5,101,100,024d4f4e141c8857
0x0053DAE6,28,0x0053DAE6,2,1992,7b713f8f69f722cd
0x005531DD,45,0x00053DC5,101,100,024d4f4e141c8857
0x0055C434,18,0x0055C434,4,32,d9394f9750ff5137
0x0055FD2F,18,0x0055C434,4,32,d9394f9750ff5137
0x0056017F,18,0x0055C434,4,32,d9394f9750ff5137
0x00560A9F,18,0x0055C434,4,32,d9394f9750ff5137
0x00568F2E,45,0x00053DC5,101,100,024d4f4e141c8857
0x0056F43E,53,0x0021C459,3,76,d9439ae0c85ade9e
0x005739F6,10,0x005739F6,2,2,10e5f120b1a07249
0x00574693,28,0x00574693,2,1992,d64dd5b23e8081de
0x00574B68,28,0x00574B68,2,1992,82997ad83625c22b
0x00574B84,28,0x00574B68,2,1992,82997ad83625c22b
0x0057569A,28,0x0057569A,2,1992,b00028038163667f
0x005767E7,28,0x005767E7,2,1992,83b2e47adaabc857
0x00576813,28,0x00576813,2,1992,547eccb23232fa3d
0x005770D6,28,0x005770D6,2,1992,5223bae3c4f06525
0x00577F0F,104,0x00081BAF,6,10,ca185dad2a770cc2
0x0057833B,178,0x0008257F,10,17,ac687a7078a908e7
0x0057CC43,45,0x00053DC5,101,100,024d4f4e141c8857
0x005801F2,4,0x005801F2,2,2,6581eb65161f61d2
0x0058957E,28,0x004C5683,2,1992,7fe4eeb7435d191d
0x005980F3,45,0x00053DC5,101,100,024d4f4e141c8857
0x00599FAA,45,0x00053DC5,101,100,024d4f4e141c8857
0x0059BD58,45,0x00053DC5,101,100,024d4f4e141c8857
0x005ACF0B,45,0x00053DC5,101,100,024d4f4e141c8857
0x005B2951,11,0x00511AD4,2,2,55440cd770fd5ad8
0x005B3751,53,0x0002C8D3,14,76,a1fe06d69674ca1b
0x005C45FE,45,0x00053DC5,101,100,024d4f4e141c8857
0x005C6A40,53,0x002177CD,3,76,7094527c02bcc9c5
0x005C8C73,45,0x00053DC5,101,100,024d4f4e141c8857
0x005CB8E2,28,0x00574693,2,1992,d64dd5b23e8081de
0x005CC63A,28,0x005CC63A,2,1992,5df297781df73793
0x005CC65B,28,0x005CC65B,2,1992,1e7942e17200c5de
0x005CCF2B,28,0x0057569A,2,1992,b00028038163667f
0x005D13A1,28,0x005D13A1,2,17,af6b3651daf71529
0x005D1A50,28,0x005767E7,2,1992,83b2e47adaabc857
0x005D1B85,28,0x00576813,2,1992,547eccb23232fa3d
0x005D2168,28,0x005770D6,2,1992,5223bae3c4f06525
0x005D2575,25,0x00195CE0,2,2,9ea91e6d0de204ca
0x005D2EA1,7,0x00035780,2,137,74b6987996e86e75
0x005D63AF,28,0x005D63AF,2,1992,6e4c8963d6fbfb19
0x005D6C78,28,0x005D63AF,2,1992,6e4c8963d6fbfb19
0x005DF144,28,0x005DF144,2,1992,8e517e4d65f1a590
0x005DF160,28,0x005DF144,2,1992,8e517e4d65f1a590
0x005E1D5D,178,0x0008257F,10,17,ac687a7078a908e7
0x005E2103,28,0x005CC63A,2,1992,5df297781df73793
0x005E25B1,28,0x005CC65B,2,1992,1e7942e17200c5de
0x005E2896,104,0x00081BAF,6,10,ca185dad2a770cc2
0x005E2A40,178,0x0008257F,10,17,ac687a7078a908e7
0x005E3599,28,0x005E3599,2,1992,45836ab8b71e7e8f
0x005E3F0A,220,0x005E3F0A,2,2,f26423cf4f7e872c
0x005E6BC5,220,0x005E3F0A,2,2,f26423cf4f7e872c
0x005EA68B,28,0x0022168A,2,13,5e1dbb148d881ad6
0x005EA83E,28,0x005EA83E,2,1992,49bc38d1f33e9db5
0x005ECA17,74,0x0051D807,2,9,7545ec176ac36fb0
0x005ECA7A,23,0x0051D851,2,73,524b32fcb75315c2
0x005EE0D8,28,0x005D13A1,2,1992,af6b3651daf71529
0x005EFB7E,178,0x005EFB7E,2,17,a87fa3a21f055792
0x005F131A,178,0x005EFB7E,2,17,a87fa3a21f055792
0x005F1D2B,28,0x005E3599,2,1992,45836ab8b71e7e8f
0x005F20C5,45,0x00053DC5,101,100,024d4f4e141c8857
0x005F230E,115,0x002CF6CF,4,38,7a01a2e96269cca6
0x005F4ECC,28,0x005F4ECC,2,1992,7508c31e1152249a
0x005F8F3E,28,0x005F8F3E,2,1992,d1d8f422da79bda6
0x005F8F5F,28,0x005F8F5F,2,1992,106b0fa76525296d
0x005F942E,28,0x005F942E,2,1992,de4b4e3c8468816d
0x005F9C05,178,0x0008257F,10,17,ac687a7078a908e7
0x005F9CB7,178,0x0008257F,10,1,ac687a7078a908e7
0x005FA125,28,0x005F942E,2,1992,de4b4e3c8468816d
0x005FAA31,28,0x0053DAE6,2,1992,7b713f8f69f722cd
0x005FC1F2,28,0x005EA83E,2,1992,49bc38d1f33e9db5
0x005FCF59,28,0x005FCF59,2,1992,709062048e74f2d9
0x005FCFC9,28,0x005FCF59,2,1992,709062048e74f2d9
0x005FDA1D,28,0x005F4ECC,2,1992,7508c31e1152249a
0x005FE937,28,0x005F8F5F,2,1992,106b0fa76525296d
0x005FE953,28,0x005F8F3E,2,1992,d1d8f422da79bda6
0x005FEDB1,28,0x005FEDB1,2,1992,065598ca12975dfe
0x005FF9A9,28,0x005FEDB1,2,1992,065598ca12975dfe
0x00600092,28,0x00600092,2,1992,6d2233d66a988f3e
0x006003D3,28,0x00600092,2,1992,6d2233d66a988f3e
0x006007A5,45,0x00053DC5,101,1,024d4f4e141c8857
0x006008E6,115,0x002CF6CF,4,38,7a01a2e96269cca6
0x006022AE,28,0x006022AE,2,1992,d052b254175de137
0x00602619,28,0x006022AE,2,1992,d052b254175de137
0x00603A00,45,0x00053DC5,101,100,024d4f4e141c8857
0x00603B9C,115,0x004136B4,3,38,abd697fdffd2d77d
0x0060C9D9,23,0x0060C9D9,2,2,574ab616fd75cf8c
0x0060D24D,28,0x00226317,2,1992,457228aef074d880
0x006158C0,30,0x006158C0,2,12,419adfffcae3eb12
0x00615D70,30,0x006158C0,2,139,419adfffcae3eb12
0x00615D90,30,0x0013C860,2,139,d30b06a9135d2470
0x00616440,30,0x00616440,2,139,0728051df11a3f4b
0x006169C0,30,0x00616440,2,139,0728051df11a3f4b
0x00620090,6,0x0048DC01,2,2,d7e5379ee6bc54ed
0x00620390,51,0x001553C0,4,4,1a2416870f946fa3
0x006204B0,23,0x0060C9D9,2,2,574ab616fd75cf8c
0x00658380,7,0x00658380,3,3,af2ac10d1f5e3185
0x00658390,7,0x00658380,3,3,af2ac10d1f5e3185
0x006583A0,7,0x00658380,3,3,af2ac10d1f5e3185
0x0065CE90,3,0x000D43D0,2,2,4d63f30782011b52
0x0065D7E0,10,0x005739F6,2,2,10e5f120b1a07249
0x006651C0,17,0x006651C0,7,1,76a6673abac6793a
0x00665600,10,0x00318B09,2,2,6395c5f85940ab0d
0x00665640,10,0x002E6A93,2,2,6142ca1ad1f452e3
0x00665650,10,0x0033F8CA,2,2,490f758bfef01d6e
0x0066D7A0,10,0x002B2210,2,2,aa878193f530348d
0x0066D7D0,4,0x00314046,2,2,ad9f223bcb7d0b5e
0x0066DD00,4,0x00091A56,2,2,6e0804bdf3355360
0x006708D0,144,0x006708D0,2,2,8712202a092e201c
0x00672300,5,0x000249A0,11,11,79753941cca00c50
0x006728E0,89,0x006728E0,2,2,4b2faa6fb89f5967
0x00672A40,89,0x006728E0,2,2,4b2faa6fb89f5967
0x00673930,17,0x006651C0,7,6,76a6673abac6793a
0x0067D7C0,5,0x000249A0,11,11,79753941cca00c50
0x0067D7D0,8,0x0067D7D0,2,2,e539e368ec1ad45e
0x0067D7E0,5,0x000249A0,11,11,79753941cca00c50
0x0067D7F0,8,0x0067D7D0,2,2,e539e368ec1ad45e
0x0067DBE0,144,0x006708D0,2,2,8712202a092e201c
0x0067F940,5,0x000249A0,11,11,79753941cca00c50
0x0067FBF0,5,0x000249A0,11,11,79753941cca00c50
0x0067FF20,17,0x006651C0,7,6,76a6673abac6793a
0x006801B0,23,0x006801B0,3,3,40bfa7e46ae459ae
0x006802F0,5,0x000249A0,11,11,79753941cca00c50
0x00680300,91,0x00680300,2,1,69e52db68c750236
0x00680360,91,0x00680300,2,1,69e52db68c750236
0x006803C0,91,0x006803C0,2,2,ba53512b2eec0159
0x00680420,17,0x006651C0,7,6,76a6673abac6793a
0x006813F0,23,0x006801B0,3,3,40bfa7e46ae459ae
0x00681680,5,0x000249A0,11,11,79753941cca00c50
0x00681690,65,0x00681690,2,2,39cd7aba97ba72e7
0x006816E0,65,0x00681690,2,2,39cd7aba97ba72e7
0x00681790,17,0x006651C0,7,6,76a6673abac6793a
0x00682CF0,23,0x006801B0,3,3,40bfa7e46ae459ae
0x00683130,5,0x000249A0,11,11,79753941cca00c50
0x00683140,120,0x00683140,2,2,1a47a783b7ca8123
0x006831C0,120,0x00683140,2,2,1a47a783b7ca8123
0x00683240,91,0x006803C0,2,2,ba53512b2eec0159
0x006832A0,17,0x006651C0,7,6,76a6673abac6793a
0x00686D10,5,0x000249A0,11,11,79753941cca00c50
0x00686F00,5,0x000249A0,11,11,79753941cca00c50
0x00687940,17,0x006651C0,7,6,76a6673abac6793a
0x0069E440,1,0x000B3FD0,11,11,22012c8c495cd87a
0x006C5930,7,0x00419B8D,2,137,fdc4fda292ff6c58
0x006C5F60,9,0x000657D0,2,18,6af7ffc438085e6f
0x006C8790,5,0x0050B5F1,2,2,50c93c0399209663
0x006D71B0,35,0x006D71B0,2,2,e4a5c4e011ae9383
0x006DE320,35,0x006D71B0,2,1,e4a5c4e011ae9383
0x00723490,4,0x004F5F92,2,2,61662ca1df38b319
0x007244B0,4,0x005801F2,2,2,6581eb65161f61d2
0x00724510,7,0x00072892,2,137,2687c346e7e896a9
0x0073B660,3,0x0047A699,2,2,011ed6f4d39ecd8f
0x007590B0,51,0x001553C0,4,4,1a2416870f946fa3
0x007B686E,1,0x000B3FD0,11,11,22012c8c495cd87a
0x007B68A0,27,0x00007670,2,2,9f1bd5eba94eff94
0x007B6AE6,1,0x000B3FD0,11,11,22012c8c495cd87a
0x007B6C13,1,0x000B3FD0,11,11,22012c8c495cd87a
0x007B6C14,1,0x000B3FD0,11,11,22012c8c495cd87a
0x007B77B8,1,0x000B3FD0,11,11,22012c8c495cd87a
0x007B7C86,1,0x000B3FD0,11,11,22012c8c495cd87a
0x007B981A,1,0x000B3FD0,11,11,22012c8c495cd87a
0x007B9BD0,1,0x000B3FD0,11,11,22012c8c495cd87a
0x007B9C00,1,0x000B3FD0,11,11,22012c8c495cd87a
