target_rva,name,target_size,source,evidence
0x0004E4BD,?rva0004E4BD@Rva0004E4BD@@QAEXXZ,12,Code/GameEngine/Source/Common/PinnedForwarders1830.cpp,Audited single reconstruction: guarded one-callee forward at its pinned address; see the source comment. Target-byte verification does not promote an address-derived class name to a recovered semantic identity; see retained source for boundary/ABI/caller evidence.
0x00057B27,?fwd@Rva00057B27Owner@@QAEHHH@Z,36,Code/GameEngine/Source/Common/RvaCountNoteRunFamily.cpp,Audited single reconstruction: Address-derived count-note-run; 36B shape. Target-byte verification does not promote an address-derived class name to a recovered semantic identity; see retained source for boundary/ABI/caller evidence.
0x00057D38,?fwd@Rva00057D38Owner@@QAEHHH@Z,36,Code/GameEngine/Source/Common/RvaCountNoteRunFamily.cpp,Audited single reconstruction: Address-derived count-note-run (m+1 then two calls then return arg); 36B shape. Target-byte verification does not promote an address-derived class name to a recovered semantic identity; see retained source for boundary/ABI/caller evidence.
0x00058913,?rva00058913@Rva00057B27@@QAEXPAXI@Z,42,Code/GameEngine/Source/Common/Rva00057B27ReserveSet.cpp,Audited single reconstruction: precedent rva000E055A same recipe callers plus unblocks. Target-byte verification does not promote an address-derived class name to a recovered semantic identity; see retained source for boundary/ABI/caller evidence.
0x00068D43,?rva00068D43@Rva00068D43@@QAEXXZ,16,Code/GameEngine/Source/Common/PinnedForwarders1830.cpp,Audited single reconstruction: guarded one-callee forward at its pinned address; see the source comment. Target-byte verification does not promote an address-derived class name to a recovered semantic identity; see retained source for boundary/ABI/caller evidence.
0x0007C2F0,?erase@?$vector@URegion2D@@V?$allocator@URegion2D@@@_STL@@@_STL@@QAEPAURegion2D@@PAU3@0@Z,38,Code/Libraries/Source/WWVegas/WWLib/StlportVectorEraseNoDestroyFamily.cpp,Audited single reconstruction: STLport trivially destructible range erase via __copy_ptrs forwarder byte-equal by REL32 graph. Target-byte verification does not promote an address-derived class name to a recovered semantic identity; see retained source for boundary/ABI/caller evidence.
0x000A8AA6,?rva000A8AA6@Rva000A8AA6@@QAEXH@Z,14,Code/GameEngine/Source/Common/PinnedForwarders1830.cpp,Audited single reconstruction: guarded one-callee forward at its pinned address; see the source comment. Target-byte verification does not promote an address-derived class name to a recovered semantic identity; see retained source for boundary/ABI/caller evidence.
0x000A8AB4,?rva000A8AB4@Rva000A8AB4@@QAEXXZ,12,Code/GameEngine/Source/Common/PinnedForwarders1830.cpp,Audited single reconstruction: guarded one-callee forward at its pinned address; see the source comment. Target-byte verification does not promote an address-derived class name to a recovered semantic identity; see retained source for boundary/ABI/caller evidence.
0x000A8ACC,?rva000A8ACC@Rva000A8ACC@@QAEXXZ,12,Code/GameEngine/Source/Common/PinnedForwarders1830.cpp,Audited single reconstruction: guarded one-callee forward at its pinned address; see the source comment. Target-byte verification does not promote an address-derived class name to a recovered semantic identity; see retained source for boundary/ABI/caller evidence.
0x000A8B23,?rva000A8B23@Rva000A8B23@@QAEXH@Z,14,Code/GameEngine/Source/Common/PinnedForwarders1830.cpp,Audited single reconstruction: guarded one-callee forward at its pinned address; see the source comment. Target-byte verification does not promote an address-derived class name to a recovered semantic identity; see retained source for boundary/ABI/caller evidence.
0x000A8B4B,?rva000A8B4B@Rva000A8B4B@@QAEXH@Z,14,Code/GameEngine/Source/Common/PinnedForwarders1830.cpp,Audited single reconstruction: guarded one-callee forward at its pinned address; see the source comment. Target-byte verification does not promote an address-derived class name to a recovered semantic identity; see retained source for boundary/ABI/caller evidence.
0x000A8C6E,?rva000A8C6E@Rva000A8C6E@@QAEXPBURva0010FFA2Packet@@@Z,14,Code/GameEngine/Source/Common/PinnedForwarders1830.cpp,Audited single reconstruction: native guarded packet forward; callee10FFA2 proves int0/int4/float8 packet accesses; 14-byte caller and 242-byte provider verified together. Address-derived class and packet names retain unknown semantic identity.
0x000A9DF8,?Rva000A9DF8@@YAXPAXABVRva000AB3E2Element@@@Z,18,Code/GameEngine/Source/Common/RvaGuardedConstructTrio.cpp,Audited single reconstruction: Address-derived guarded in-place construction; 18B shape. Target-byte verification does not promote an address-derived class name to a recovered semantic identity; see retained source for boundary/ABI/caller evidence.
0x000A9E0A,?Rva000A9E0A@@YAXPAXABVRva000AB419Element@@@Z,18,Code/GameEngine/Source/Common/RvaGuardedConstructTrio.cpp,Audited single reconstruction: Address-derived guarded in-place construction; 18B shape. Target-byte verification does not promote an address-derived class name to a recovered semantic identity; see retained source for boundary/ABI/caller evidence.
0x000E0536,?fwd@Rva000E0536Owner@@QAEHHH@Z,36,Code/GameEngine/Source/Common/RvaCountNoteRunFamily.cpp,Audited single reconstruction: Address-derived count-note-run (m+1 then two calls then return arg); 36B shape. Target-byte verification does not promote an address-derived class name to a recovered semantic identity; see retained source for boundary/ABI/caller evidence.
0x0010BA61,?rva0010BA61@Rva0010BA61@@QAEXXZ,16,Code/GameEngine/Source/Common/Rva0010BA61.cpp,Audited single reconstruction: rowed 0x00109D64 pin 0x00108895 caller 0x0010BB4F. Target-byte verification does not promote an address-derived class name to a recovered semantic identity; see retained source for boundary/ABI/caller evidence.
0x0014F674,??$__uninitialized_fill_n@PAURva001504A1Record@@IU1@@_STL@@YAPAURva001504A1Record@@PAU1@IABU1@ABU__false_type@0@@Z,37,Code/Libraries/Source/WWVegas/WWLib/VectorOverflowRva001504A1.cpp,Audited single reconstruction: STLport4.5.3 nontrivial uninitialized helper; Ghidra boundary and overflow0x001504A1 callsite independently fix identity; stride76 and Construct target decoded from this native body. Target-byte verification does not promote an address-derived class name to a recovered semantic identity; see retained source for boundary/ABI/caller evidence.
0x00173DF8,?erase@?$vector@URva0017341BWords@@V?$allocator@URva0017341BWords@@@_STL@@@_STL@@QAEPAURva0017341BWords@@PAU3@0@Z,38,Code/Libraries/Source/WWVegas/WWLib/StlRangeEraseRva00173DF8.cpp,Audited single reconstruction: STLport trivial-destruction range erase; native38B ret8; finish+4; forward copy wrapper173714 and scalar48B callee17341B prove range semantics; full byte gate. Target-byte verification does not promote an address-derived class name to a recovered semantic identity; see retained source for boundary/ABI/caller evidence.
0x001EB72F,?rva001EB72F@Rva001EB72F@@QAEXXZ,13,Code/GameEngine/Source/Common/PinnedForwarders1830.cpp,Audited single reconstruction: guarded one-callee forward at its pinned address; see the source comment. Target-byte verification does not promote an address-derived class name to a recovered semantic identity; see retained source for boundary/ABI/caller evidence.
0x001EB75C,?rva001EB75C@Rva001EB75C@@QAEXXZ,13,Code/GameEngine/Source/Common/PinnedForwarders1830.cpp,Audited single reconstruction: guarded one-callee forward at its pinned address; see the source comment. Target-byte verification does not promote an address-derived class name to a recovered semantic identity; see retained source for boundary/ABI/caller evidence.
0x001EFC42,??$_M_append_dispatch@PBG@?$basic_string@GV?$char_traits@G@_STL@@V?$allocator@G@2@@_STL@@AAEAAV01@PBG0ABU__false_type@1@@Z,22,Code/Libraries/Source/WWVegas/WWLib/stlport_wide_string_append_dispatch_O1.cpp,Audited single reconstruction: STLport wide _M_append_dispatch PBG forwarding to rowed forward append 0x001EF83A. Target-byte verification does not promote an address-derived class name to a recovered semantic identity; see retained source for boundary/ABI/caller evidence.
0x001FBC43,?rva001FBC43@Rva001FBC43@@QAEXPAX0@Z,38,Code/GameEngine/Source/Common/Thing/Rva001FA836ForwardChain.cpp,Audited single reconstruction: Rva slot-get then next-link forward chain by REL32 graph. Target-byte verification does not promote an address-derived class name to a recovered semantic identity; see retained source for boundary/ABI/caller evidence.
0x001FBF37,??0ParticleSystemTemplateTail@FXParticleSystem@@QAE@XZ,22,Code/GameEngine/Source/GameLogic/Object/Rva001FA5A5Ctor.cpp,Audited single reconstruction: Opaque pinned tail ctor zeroed ints then member ctor by REL32 graph. Target-byte verification does not promote an address-derived class name to a recovered semantic identity; see retained source for boundary/ABI/caller evidence.
0x001FBFEA,?rva001FBFEA@Rva001FBFEA@@QAEXPAX0@Z,38,Code/GameEngine/Source/Common/Thing/Rva001FA836ForwardChain.cpp,Audited single reconstruction: Rva slot-get then next-link forward chain by REL32 graph. Target-byte verification does not promote an address-derived class name to a recovered semantic identity; see retained source for boundary/ABI/caller evidence.
0x001FC357,?rva001FC357@Rva001FC357@@QAEXPAX0@Z,38,Code/GameEngine/Source/Common/Thing/Rva001FA836ForwardChain.cpp,Audited single reconstruction: Rva slot-get then next-link forward chain by REL32 graph. Target-byte verification does not promote an address-derived class name to a recovered semantic identity; see retained source for boundary/ABI/caller evidence.
0x001FC451,?rva001FC451@Rva001FC451@@QAEXPAX0@Z,38,Code/GameEngine/Source/Common/Thing/Rva001FA836ForwardChain.cpp,Audited single reconstruction: Rva slot-get then next-link forward chain by REL32 graph. Target-byte verification does not promote an address-derived class name to a recovered semantic identity; see retained source for boundary/ABI/caller evidence.
0x0020EB41,?rva0020EB41@Rva0020EB41@@QAEXXZ,13,Code/GameEngine/Source/Common/PinnedForwarders1830.cpp,Audited single reconstruction: guarded one-callee forward at its pinned address; see the source comment. Target-byte verification does not promote an address-derived class name to a recovered semantic identity; see retained source for boundary/ABI/caller evidence.
0x0021BE42,?GetAttributeMinValue@CreateAHeroClass@CreateAHeroManager@@QAEHII@Z,32,Code/GameEngine/Source/Common/Rva0021BE42Chain.cpp,Audited single reconstruction: three-level lookup via rowed 0x00219B9E then pinned middle 0x0021BDAB; null yields -1; same this-passthrough as rowed 0x00219C00. Target-byte verification does not promote an address-derived class name to a recovered semantic identity; see retained source for boundary/ABI/caller evidence.
0x0021BE62,?GetAttributeMaxValue@CreateAHeroClass@CreateAHeroManager@@QAEHII@Z,32,Code/GameEngine/Source/Common/Rva0021BE42Chain.cpp,Audited single reconstruction: three-level lookup via rowed 0x00219B9E then pinned middle 0x0021BDD3; null yields -1; twin of 0x0021BE42. Target-byte verification does not promote an address-derived class name to a recovered semantic identity; see retained source for boundary/ABI/caller evidence.
0x0021BE82,?GetAttributeDefaultValue@CreateAHeroClass@CreateAHeroManager@@QAEHII@Z,32,Code/GameEngine/Source/Common/Rva0021BE42Chain.cpp,Audited single reconstruction: three-level lookup via rowed 0x00219B9E then pinned middle 0x0021BDFB; null yields -1; twin of 0x0021BE42. Target-byte verification does not promote an address-derived class name to a recovered semantic identity; see retained source for boundary/ABI/caller evidence.
0x0021D2B6,??$__unguarded_insertion_sort@PAW4Rva0021B68DKey@@URva0021B68DCmp@@@_STL@@YAXPAW4Rva0021B68DKey@@0URva0021B68DCmp@@@Z,23,Code/Libraries/Source/WWVegas/WWLib/stlport_sort_rva0021b68d.cpp,Audited single reconstruction: STLport sort family member with out-of-line comparator 0x0021B68D; REL32 graph from sort 0x0021F0F9. Target-byte verification does not promote an address-derived class name to a recovered semantic identity; see retained source for boundary/ABI/caller evidence.
0x0021E741,??$partial_sort@PAW4Rva0021B68DKey@@URva0021B68DCmp@@@_STL@@YAXPAW4Rva0021B68DKey@@00URva0021B68DCmp@@@Z,27,Code/Libraries/Source/WWVegas/WWLib/stlport_sort_rva0021b68d.cpp,Audited single reconstruction: STLport sort family member with out-of-line comparator 0x0021B68D; REL32 graph from sort 0x0021F0F9. Target-byte verification does not promote an address-derived class name to a recovered semantic identity; see retained source for boundary/ABI/caller evidence.
0x00254008,??_GRva00254024@@QAEPAXI@Z,28,Code/GameEngine/Source/Common/ThunkReachedDeletingDtors01.cpp,Audited single reconstruction: scalar deleting dtor reached only via adjustor thunk 0x00253328 (sub ecx 4) in vftable 0x00BEF304; dtor 0x00254024 via REL32 pin; owner unproven address-derived name. Target-byte verification does not promote an address-derived class name to a recovered semantic identity; see retained source for boundary/ABI/caller evidence.
0x0029B16A,?rva0029B16A@Rva0029B16A@@QAEXHH@Z,18,Code/GameEngine/Source/Common/PinnedForwarders1830.cpp,Audited single reconstruction: guarded one-callee forward at its pinned address; see the source comment. Target-byte verification does not promote an address-derived class name to a recovered semantic identity; see retained source for boundary/ABI/caller evidence.
0x002A9CDE,?rva002A9CDE@Rva002A9CDE@@QAEXHH@Z,18,Code/GameEngine/Source/Common/PinnedForwarders1830.cpp,Audited single reconstruction: guarded one-callee forward at its pinned address; see the source comment. Target-byte verification does not promote an address-derived class name to a recovered semantic identity; see retained source for boundary/ABI/caller evidence.
0x002A9CF0,?rva002A9CF0@Rva002A9CF0@@QAEXH@Z,18,Code/GameEngine/Source/Common/PinnedForwarders1830.cpp,Audited single reconstruction: guarded one-callee forward at its pinned address; see the source comment. Target-byte verification does not promote an address-derived class name to a recovered semantic identity; see retained source for boundary/ABI/caller evidence.
0x002A9DEC,?rva002A9DEC@Rva002A9DEC@@QAEXH@Z,18,Code/GameEngine/Source/Common/PinnedForwarders1830.cpp,Audited single reconstruction: guarded one-callee forward at its pinned address; see the source comment. Target-byte verification does not promote an address-derived class name to a recovered semantic identity; see retained source for boundary/ABI/caller evidence.
0x002B6351,??$__unguarded_insertion_sort@PAVRva004F6093Holder@@URva002BBC1CCmp@@@_STL@@YAXPAVRva004F6093Holder@@0URva002BBC1CCmp@@@Z,23,Code/Libraries/Source/WWVegas/WWLib/stlport_sort_rva002bbc1c.cpp,Audited single reconstruction: STLport sort family over refcounted holder; REL32 graph from sort 0x002BBC1C. Target-byte verification does not promote an address-derived class name to a recovered semantic identity; see retained source for boundary/ABI/caller evidence.
0x002B7485,??$pop_heap@PAVRva004F6093Holder@@URva002BBC1CCmp@@@_STL@@YAXPAVRva004F6093Holder@@0URva002BBC1CCmp@@@Z,23,Code/Libraries/Source/WWVegas/WWLib/stlport_sort_rva002bbc1c.cpp,Audited single reconstruction: STLport sort family over refcounted holder; REL32 graph from sort 0x002BBC1C. Target-byte verification does not promote an address-derived class name to a recovered semantic identity; see retained source for boundary/ABI/caller evidence.
0x002BAE0F,??$partial_sort@PAVRva004F6093Holder@@URva002BBC1CCmp@@@_STL@@YAXPAVRva004F6093Holder@@00URva002BBC1CCmp@@@Z,27,Code/Libraries/Source/WWVegas/WWLib/stlport_sort_rva002bbc1c.cpp,Audited single reconstruction: STLport sort family over refcounted holder; REL32 graph from sort 0x002BBC1C. Target-byte verification does not promote an address-derived class name to a recovered semantic identity; see retained source for boundary/ABI/caller evidence.
0x002BB785,??$__uninitialized_fill_n@PAV?$vector@URva002BC339Value@@V?$allocator@URva002BC339Value@@@_STL@@@_STL@@IV12@@_STL@@YAPAV?$vector@URva002BC339Value@@V?$allocator@URva002BC339Value@@@_STL@@@0@PAV10@IABV10@ABU__false_type@0@@Z,37,Code/Libraries/Source/WWVegas/WWLib/stlport_nested_vector_uninitialized_fill_n_002bb785.cpp,Audited single reconstruction: STLport no-exception fill worker; 12-byte inner vector stride and pinned _Construct call read from target. Target-byte verification does not promote an address-derived class name to a recovered semantic identity; see retained source for boundary/ABI/caller evidence.
0x002BFCF5,?Rva002BFCF5@@YGXUVideoPair@@@Z,30,Code/GameEngine/Source/Common/RvaPairCopyCallFamily.cpp,Audited single reconstruction: Address-derived pair-copy-call; 30B shape. Target-byte verification does not promote an address-derived class name to a recovered semantic identity; see retained source for boundary/ABI/caller evidence.
0x002C17D6,??$__copy_backward_ptrs@PAPAXPAPAX@_STL@@YAPAPAXPAPAX00ABU__true_type@0@@Z,21,Code/Libraries/Source/WWVegas/WWLib/stlport_hash_map_string_uint_resize.cpp,Single retained helper spelling; no independent target evidence for a second byte-vector identity; emitted dependency remains in the vector TU.
0x002E2F39,?rva002E2F39@Rva002E2F39@@QAEXABURva002E2D10Record@@@Z,11,Code/GameEngine/Source/Common/Rva002E2F39.cpp,Audited single reconstruction: rowed vector pushback tail plus caller. Target-byte verification does not promote an address-derived class name to a recovered semantic identity; see retained source for boundary/ABI/caller evidence.
0x00330BDB,?rva00330BDB@Rva00330BDB@@QBEMXZ,8,Code/GameEngine/Source/Common/Rva00330BDBForwarder.cpp,Audited single reconstruction: this-0x34 forwarder to shape float 0x0030B706. Target-byte verification does not promote an address-derived class name to a recovered semantic identity; see retained source for boundary/ABI/caller evidence.
0x00330C0F,?rva00330C0F@Rva00330C0F@@QAE?AURegion2D@@XZ,19,Code/GameEngine/Source/Common/Rva00330C0FForwarder.cpp,Audited single reconstruction: this-0x3C Region2D forwarder to PolygonTrigger 0x0007E03A. Target-byte verification does not promote an address-derived class name to a recovered semantic identity; see retained source for boundary/ABI/caller evidence.
0x00331D67,??$__unguarded_insertion_sort@PAUS4SortElem12@@US4Cmp002E1690@@@_STL@@YAXPAUS4SortElem12@@0US4Cmp002E1690@@@Z,23,Code/Libraries/Source/WWVegas/WWLib/stlport_sort_s4sortelem12_003327c5.cpp,Audited single reconstruction: S4SortElem12 sort second copy byte-equal by REL32 graph. Target-byte verification does not promote an address-derived class name to a recovered semantic identity; see retained source for boundary/ABI/caller evidence.
0x00335C62,?erase@?$vector@UBfmeOpaqueRecord156@@V?$allocator@UBfmeOpaqueRecord156@@@_STL@@@_STL@@QAEPAUBfmeOpaqueRecord156@@PAU3@0@Z,38,Code/Libraries/Source/WWVegas/WWLib/StlportVectorErase38Family.cpp,Audited single reconstruction: STLport vector<BfmeOpaqueRecord156>::erase trivial destructor range erase. Target-byte verification does not promote an address-derived class name to a recovered semantic identity; see retained source for boundary/ABI/caller evidence.
0x00337479,??$__push_heap@PAVRva003371B1@@HV1@URva00337C55Less@@@_STL@@YAXPAVRva003371B1@@HHV1@URva00337C55Less@@@Z,136,Code/Libraries/Source/WWVegas/WWLib/stlport_partial_sort_rva00337c55.cpp,Audited single reconstruction: Rva003371B1 partial_sort heap chain byte-equal by REL32 graph. Target-byte verification does not promote an address-derived class name to a recovered semantic identity; see retained source for boundary/ABI/caller evidence.
0x0033758C,??$__adjust_heap@PAVRva003371B1@@HV1@URva00337C55Less@@@_STL@@YAXPAVRva003371B1@@HHV1@URva00337C55Less@@@Z,172,Code/Libraries/Source/WWVegas/WWLib/stlport_partial_sort_rva00337c55.cpp,Audited single reconstruction: Rva003371B1 partial_sort heap chain byte-equal by REL32 graph. Target-byte verification does not promote an address-derived class name to a recovered semantic identity; see retained source for boundary/ABI/caller evidence.
0x003376EA,??$__pop_heap@PAVRva003371B1@@V1@URva00337C55Less@@H@_STL@@YAXPAVRva003371B1@@00V1@URva00337C55Less@@PAH@Z,95,Code/Libraries/Source/WWVegas/WWLib/stlport_partial_sort_rva00337c55.cpp,Audited single reconstruction: Rva003371B1 partial_sort heap chain byte-equal by REL32 graph. Target-byte verification does not promote an address-derived class name to a recovered semantic identity; see retained source for boundary/ABI/caller evidence.
0x00337C55,??$partial_sort@PAVRva003371B1@@URva00337C55Less@@@_STL@@YAXPAVRva003371B1@@00URva00337C55Less@@@Z,27,Code/Libraries/Source/WWVegas/WWLib/stlport_partial_sort_rva00337c55.cpp,Audited single reconstruction: Rva003371B1 partial_sort heap chain byte-equal by REL32 graph. Target-byte verification does not promote an address-derived class name to a recovered semantic identity; see retained source for boundary/ABI/caller evidence.
0x0033B1CD,?rva0033B1CD@Rva0033B1CD@@QAEXXZ,17,Code/GameEngine/Source/Common/Thing/Rva0033B1CDDtor.cpp,Audited single reconstruction: clear AsciiString plus UnicodeString tail via shared headers. Target-byte verification does not promote an address-derived class name to a recovered semantic identity; see retained source for boundary/ABI/caller evidence.
0x003A37DC,?rva003A37DC@Rva000427195@@QAEXUVideoPair@@@Z,30,Code/GameEngine/Source/GameClient/GUI/ControlBar/ControlBarVideoMapErase.cpp,Audited single reconstruction: ControlBar reset native call31E1AB proves by-value two-word cursor wrapper; Ghidra3A37DC..3A37FA; target copies cursor into local and calls rowed2ADCE1 by reference; original container identity unknown; /O1 with frame pointer for this wrapper. Target-byte verification does not promote an address-derived class name to a recovered semantic identity; see retained source for boundary/ABI/caller evidence.
0x003B02A1,??$pop_heap@PAURva003B02F4Entry@@URva003B02F4Greater@@@_STL@@YAXPAURva003B02F4Entry@@0URva003B02F4Greater@@@Z,23,Code/Libraries/Source/WWVegas/WWLib/stlport_priority_queue_rva003b02f4.cpp,Audited single reconstruction: STLport pop_heap 12B entry with float-key greater. Target-byte verification does not promote an address-derived class name to a recovered semantic identity; see retained source for boundary/ABI/caller evidence.
0x003B0835,??0Rva003B0401@@QAE@ABVRvaSmartPtr12@@@Z,24,Code/GameEngine/Source/Common/Rva003BCtors0083.cpp,Audited single reconstruction: Derived ctor: base-constructs pinned 264B Rva003B0344 from the arg then installs vptr 0x00C1DA10; dtor rowed 0x003B0401. Target-byte verification does not promote an address-derived class name to a recovered semantic identity; see retained source for boundary/ABI/caller evidence.
0x003C3AB0,??$__unguarded_insertion_sort@PAPAURva003C3AB0Item@@URva003C3AB0Cmp@@@_STL@@YAXPAPAURva003C3AB0Item@@0URva003C3AB0Cmp@@@Z,23,Code/Libraries/Source/WWVegas/WWLib/stlport_sort_rva003c3ab0.cpp,Audited single reconstruction: STLport sort family member for +0x20 int-key pointer sort; masked twin of rowed 0x004EBE74 family. Target-byte verification does not promote an address-derived class name to a recovered semantic identity; see retained source for boundary/ABI/caller evidence.
0x003EF34A,?fwd@Rva003EF34AOwner@@QAEHHH@Z,36,Code/GameEngine/Source/Common/RvaCountNoteRunFamily.cpp,Audited single reconstruction: Address-derived count-note-run (m+1 then two calls then return arg); 36B shape. Target-byte verification does not promote an address-derived class name to a recovered semantic identity; see retained source for boundary/ABI/caller evidence.
0x0040D3E8,?fwd@Rva0040D3E8Owner@@QAEXH@Z,23,Code/GameEngine/Source/Common/RvaFindThenRunFamily.cpp,Audited single reconstruction: Address-derived find-then-run void(int); 23B push/call/test/mov/call shape. Target-byte verification does not promote an address-derived class name to a recovered semantic identity; see retained source for boundary/ABI/caller evidence.
0x0040FAFE,?Rva0040FAFEAdvance@@YGXH@Z,23,Code/GameEngine/Source/Common/Rva0040F7E5Advance.cpp,Audited single reconstruction: chain via 0x0040D008 find and 0x0040F7E5 advance caller jmp 0x0023D091. Target-byte verification does not promote an address-derived class name to a recovered semantic identity; see retained source for boundary/ABI/caller evidence.
0x004152BC,?rva004152BC@Rva004152BC@@QAEPAV1@HH@Z,42,Code/GameEngine/Source/Common/Rva002F1C5FSelfLink.cpp,Audited single reconstruction: self-link init returning this calling unrowed member 0x004151C4. Target-byte verification does not promote an address-derived class name to a recovered semantic identity; see retained source for boundary/ABI/caller evidence.
0x00433B96,??$__find@U?$_List_iterator@VUnicodeString@@U?$_Nonconst_traits@VUnicodeString@@@_STL@@@_STL@@VUnicodeString@@@_STL@@YA?AU?$_List_iterator@VUnicodeString@@U?$_Nonconst_traits@VUnicodeString@@@_STL@@@0@U10@0ABVUnicodeString@@ABUinput_iterator_tag@0@@Z,39,Code/Libraries/Source/WWVegas/WWLib/stlport_list_unicodestring_insert.cpp,Audited single reconstruction: STLport list<UnicodeString> find and __find by REL32 graph. Target-byte verification does not promote an address-derived class name to a recovered semantic identity; see retained source for boundary/ABI/caller evidence.
0x004C7330,??0Rva004C734DElement@@QAE@ABU0@@Z,29,Code/Libraries/Source/WWVegas/WWLib/StlportElementCopyCtorsW3G15.cpp,Audited single reconstruction: 29B element copy ctor: int plus subobject via pinned 0x001F206E; called by rowed _Construct 0x004C734D. Target-byte verification does not promote an address-derived class name to a recovered semantic identity; see retained source for boundary/ABI/caller evidence.
0x004D9ACE,??$_Construct@VRva004D971D@@V1@@_STL@@YAXPAVRva004D971D@@ABV1@@Z,18,Code/Libraries/Source/WWVegas/WWLib/stlport_construct_rva004d971d.cpp,Audited single reconstruction: STLport4.5.3 _Construct; target null guard and call to independently rowed Rva004D971D copy ctor4D971D; native18B RET; original payload name unknown; donor6583b3c1 STLport source guide. Target-byte verification does not promote an address-derived class name to a recovered semantic identity; see retained source for boundary/ABI/caller evidence.
0x004E08A9,?rva004E08A9@Rva004E0705@@QAE_N_N@Z,77,Code/GameEngine/Source/Common/Rva004E08A9Gate.cpp,Audited single reconstruction: player gate: check==0 or m_1C below world m_FC then lookup then m_98 then probe plus helper-zero chain; single OR-AND chain emits shared xor and inc-al true. Target-byte verification does not promote an address-derived class name to a recovered semantic identity; see retained source for boundary/ABI/caller evidence.
0x004E7392,??0Rva004E7392@@QAE@ABU0@@Z,39,Code/GameEngine/Source/Common/Rva004E7392Copy.cpp,Audited single reconstruction: Copy ctor: base copy 0x4E72C0 then vtable 0xBFD010 then two fields. Target-byte verification does not promote an address-derived class name to a recovered semantic identity; see retained source for boundary/ABI/caller evidence.
0x004ED08A,?cohereTeams@AITactic@@QAEXXZ,77,Code/Libraries/Source/WWVegas/WW3D2/HLodRva004ECECD.cpp,"Audited single reconstruction: HLod model nodes to AIGroups via TeamFactory and AI group; wb-lead 5/callgraph: WB AITactic::cohereTeams; AI::createGroup, findInstance, Team::getTeamAsAIGroup, AIGroup 0x00372C05, AI::destroyGroup agree. Target-byte verification does not promote an address-derived class name to a recovered semantic identity; see retained source for boundary/ABI/caller evidence."
0x004F786C,??$__unguarded_insertion_sort@PAURva004F6352@@URva004F6352Cmp@@@_STL@@YAXPAURva004F6352@@0URva004F6352Cmp@@@Z,23,Code/Libraries/Source/WWVegas/WWLib/stlport_rva004f6352_sort_entry.cpp,Audited single reconstruction: Rva004F6352 sort entry and insertion tail byte-equal by REL32 graph. Target-byte verification does not promote an address-derived class name to a recovered semantic identity; see retained source for boundary/ABI/caller evidence.
0x004F7E61,??$pop_heap@PAURva004F6966@@URva004F81DBGreater@@@_STL@@YAXPAURva004F6966@@0URva004F81DBGreater@@@Z,23,Code/Libraries/Source/WWVegas/WWLib/stlport_pop_heap_rva004f7e61.cpp,Audited single reconstruction: Rva004F6966 pop_heap chain byte-equal by REL32 graph. Target-byte verification does not promote an address-derived class name to a recovered semantic identity; see retained source for boundary/ABI/caller evidence.
0x004F802C,??0Rva004F868AElement@@QAE@ABU0@@Z,29,Code/Libraries/Source/WWVegas/WWLib/StlportElementCopyCtorsW3G15.cpp,Audited single reconstruction: 29B element copy ctor: int plus subobject via pinned 0x004F69D6; called by rowed _Construct 0x004F868A. Target-byte verification does not promote an address-derived class name to a recovered semantic identity; see retained source for boundary/ABI/caller evidence.
0x004F83F2,?rva004F83F2@@YGXHHHH@Z,25,Code/GameEngine/Source/Common/Rva004F8B89Stub.cpp,Audited single reconstruction: stdcall 4-arg repack twin; full byte gate. Target-byte verification does not promote an address-derived class name to a recovered semantic identity; see retained source for boundary/ABI/caller evidence.
0x004F8B89,?rva004F8B89@@YGXHHH@Z,25,Code/GameEngine/Source/Common/Rva004F8B89Stub.cpp,Audited single reconstruction: stdcall repack to pinned callee with Oy-minus frame; full byte gate. Target-byte verification does not promote an address-derived class name to a recovered semantic identity; see retained source for boundary/ABI/caller evidence.
0x004F9EF3,??$sort@PAURva004F6352@@URva004F6352Cmp@@@_STL@@YAXPAURva004F6352@@0URva004F6352Cmp@@@Z,70,Code/Libraries/Source/WWVegas/WWLib/stlport_rva004f6352_sort_entry.cpp,Audited single reconstruction: Rva004F6352 sort entry and insertion tail byte-equal by REL32 graph. Target-byte verification does not promote an address-derived class name to a recovered semantic identity; see retained source for boundary/ABI/caller evidence.
0x004FC176,?rva004FC176@Rva004FC176@@QAEXH@Z,15,Code/GameEngine/Source/Common/PinnedForwarders1830.cpp,Audited single reconstruction: guarded one-callee forward at its pinned address; see the source comment. Target-byte verification does not promote an address-derived class name to a recovered semantic identity; see retained source for boundary/ABI/caller evidence.
0x00501DD4,??0Rva00502082Element@@QAE@ABU0@@Z,29,Code/Libraries/Source/WWVegas/WWLib/StlportElementCopyCtorsW3G15.cpp,Audited single reconstruction: 29B element copy ctor: int plus subobject via pinned 0x005017B4; called by rowed _Construct 0x00502082. Target-byte verification does not promote an address-derived class name to a recovered semantic identity; see retained source for boundary/ABI/caller evidence.
0x005020AF,??0Rva00502667Element@@QAE@ABU0@@Z,29,Code/Libraries/Source/WWVegas/WWLib/StlportElementCopyCtorsW3G15.cpp,Audited single reconstruction: 29B element copy ctor: int plus subobject via pinned 0x00501B33; called by rowed _Construct 0x00502667. Target-byte verification does not promote an address-derived class name to a recovered semantic identity; see retained source for boundary/ABI/caller evidence.
0x00502909,??0Rva00502C53Element@@QAE@ABU0@@Z,29,Code/Libraries/Source/WWVegas/WWLib/StlportElementCopyCtorsW3G15.cpp,Audited single reconstruction: 29B element copy ctor: int plus subobject via pinned 0x005026EE; called by rowed _Construct 0x00502C53. Target-byte verification does not promote an address-derived class name to a recovered semantic identity; see retained source for boundary/ABI/caller evidence.
0x005258F8,?Rva005258F8@@YGXUVideoPair@@@Z,30,Code/GameEngine/Source/Common/RvaPairCopyCallFamily.cpp,Audited single reconstruction: Address-derived pair-copy-call to stdcall worker; 30B ebp-frame shape. Target-byte verification does not promote an address-derived class name to a recovered semantic identity; see retained source for boundary/ABI/caller evidence.
0x0052B7F8,?fwd@Rva0052B7F8Owner@@QAEHHH@Z,36,Code/GameEngine/Source/Common/RvaCountNoteRunFamily.cpp,Audited single reconstruction: Address-derived count-note-run (m+1 then two calls then return arg); 36B shape. Target-byte verification does not promote an address-derived class name to a recovered semantic identity; see retained source for boundary/ABI/caller evidence.
0x0052D6EB,??$__uninitialized_copy@PAURva0052D742Record@@PAU1@@_STL@@YAPAURva0052D742Record@@PAU1@00ABU__false_type@0@@Z,47,Code/Libraries/Source/WWVegas/WWLib/VectorOverflowRva0052D742.cpp,Audited single reconstruction: STLport4.5.3 nontrivial uninitialized helper; Ghidra boundary and overflow0x0052D742 callsite independently fix identity; stride184 and Construct target decoded from this native body. Target-byte verification does not promote an address-derived class name to a recovered semantic identity; see retained source for boundary/ABI/caller evidence.
0x0052D71A,??$__uninitialized_fill_n@PAURva0052D742Record@@IU1@@_STL@@YAPAURva0052D742Record@@PAU1@IABU1@ABU__false_type@0@@Z,40,Code/Libraries/Source/WWVegas/WWLib/VectorOverflowRva0052D742.cpp,Audited single reconstruction: STLport4.5.3 nontrivial uninitialized helper; Ghidra boundary and overflow0x0052D742 callsite independently fix identity; stride184 and Construct target decoded from this native body. Target-byte verification does not promote an address-derived class name to a recovered semantic identity; see retained source for boundary/ABI/caller evidence.
0x005412E2,?erase@?$vector@URva0054107FRecord@@V?$allocator@URva0054107FRecord@@@_STL@@@_STL@@QAEPAURva0054107FRecord@@PAU3@@Z,47,Code/Libraries/Source/WWVegas/WWLib/Rva005412E2Erase.cpp,Audited single reconstruction: chain single erase via copy-ptrs pin precedent 0x00216267 sibling range 0x0054152D. Target-byte verification does not promote an address-derived class name to a recovered semantic identity; see retained source for boundary/ABI/caller evidence.
0x0054152D,?erase@?$vector@URva0054107FRecord@@V?$allocator@URva0054107FRecord@@@_STL@@@_STL@@QAEPAURva0054107FRecord@@PAU3@0@Z,38,Code/Libraries/Source/WWVegas/WWLib/Rva0054152DErase.cpp,Audited single reconstruction: STLport vector erase via rowed copy 0x00541214 ICF pin called by 0x0054226A. Target-byte verification does not promote an address-derived class name to a recovered semantic identity; see retained source for boundary/ABI/caller evidence.
0x00541553,?erase@?$vector@VRva0054103E@@V?$allocator@VRva0054103E@@@_STL@@@_STL@@QAEPAVRva0054103E@@PAV3@0@Z,38,Code/Libraries/Source/WWVegas/WWLib/StlportVectorErase38Family.cpp,Audited single reconstruction: STLport vector<Rva0054103E>::erase trivial destructor range erase. Target-byte verification does not promote an address-derived class name to a recovered semantic identity; see retained source for boundary/ABI/caller evidence.
0x005564EB,??0Rva00557C90Element@@QAE@ABU0@@Z,29,Code/Libraries/Source/WWVegas/WWLib/StlportElementCopyCtorsW3G15.cpp,Audited single reconstruction: 29B element copy ctor: int plus subobject via pinned 0x0038630B; called by rowed _Construct 0x00557C90. Target-byte verification does not promote an address-derived class name to a recovered semantic identity; see retained source for boundary/ABI/caller evidence.
0x00577EF1,?_M_clear@?$vector@URva002B9062Element@@V?$allocator@URva002B9062Element@@@_STL@@@_STL@@IAEXXZ,30,Code/Libraries/Source/WWVegas/WWLib/StlportVectorClearRva00577EF1.cpp,Audited single reconstruction: Destroy plus free via overflow caller 0x002B820A plus rowed Destroy 0x005F97BC. Target-byte verification does not promote an address-derived class name to a recovered semantic identity; see retained source for boundary/ABI/caller evidence.
0x005962E7,?rva005962E7@Rva005962E7@@QAEXXZ,16,Code/GameEngine/Source/Common/Rva0010BA61Wrappers.cpp,Audited single reconstruction: helper-then-tail wrapper calling rowed 0x0025C010 with tail 0x00596269. Target-byte verification does not promote an address-derived class name to a recovered semantic identity; see retained source for boundary/ABI/caller evidence.
0x0059E0F7,?Rva0059E0F7@@YAII@Z,24,Code/GameEngine/Source/Common/RvaLookupFieldOrZeroFamily.cpp,Audited single reconstruction: Address-derived lookup-or-zero: p=lookup(key); return p?p->value:0; lookup at 0x0059E0C1 with value at +0xBC. Target-byte verification does not promote an address-derived class name to a recovered semantic identity; see retained source for boundary/ABI/caller evidence.
0x005B129F,?erase@Rva005B129FVector@@QAEPAURva005B09D8Record@@PAU2@0@Z,38,Code/Libraries/Source/WWVegas/WWLib/Rva005B09D8CopyPointers.cpp,Audited single reconstruction: Native5B129F..5B12C5 38B RET8 erase(first last); caller5B1A07 resize shrink; last finish first passed to full29Bcopy5B09D8 and returned end stored at+4; raw20 record and three-pointer vector view; original application identity unknown; STLport4.5.3 guide. Target-byte verification does not promote an address-derived class name to a recovered semantic identity; see retained source for boundary/ABI/caller evidence.
0x005C834A,?method_005C834A@HostClass005C815B@@QAEXHH@Z,37,Code/GameEngine/Source/Common/HostClass005C815B.cpp,Audited single reconstruction: HostClass005C815B vector iteration: calls method_005C8F50 on each Rva005C847BRecord. Target-byte verification does not promote an address-derived class name to a recovered semantic identity; see retained source for boundary/ABI/caller evidence.
0x005C839B,?method_005C839B@HostClass005C815B@@QAEXHH@Z,37,Code/GameEngine/Source/Common/HostClass005C815B.cpp,Audited single reconstruction: HostClass005C815B vector iteration: calls method_005C90F1 on each Rva005C847BRecord. Target-byte verification does not promote an address-derived class name to a recovered semantic identity; see retained source for boundary/ABI/caller evidence.
0x005CCB16,?rva005CCB16@Rva005CCB16@@QAEXXZ,13,Code/GameEngine/Source/Common/PinnedForwarders1830.cpp,Audited single reconstruction: guarded one-callee forward at its pinned address; see the source comment. Target-byte verification does not promote an address-derived class name to a recovered semantic identity; see retained source for boundary/ABI/caller evidence.
0x005CDDF0,?method@Rva005CDDF0@@QAEXXZ,17,Code/GameEngine/Source/Common/RvaFamily7TailPairs.cpp,Audited single reconstruction: tail pair: first 0x005E590F then tail-call member second 0x000B3FD0 at +0xC. Target-byte verification does not promote an address-derived class name to a recovered semantic identity; see retained source for boundary/ABI/caller evidence.
0x005D13D5,?rva005D13D5@Rva005D13D5@@QAEXXZ,13,Code/GameEngine/Source/Common/PinnedForwarders1830.cpp,Audited single reconstruction: guarded one-callee forward at its pinned address; see the source comment. Target-byte verification does not promote an address-derived class name to a recovered semantic identity; see retained source for boundary/ABI/caller evidence.
0x005D1516,?rva005D1516@Rva005D1516@@QAEXXZ,17,Code/GameEngine/Source/Common/Rva0010BA61Wrappers.cpp,Audited single reconstruction: helper-then-member-tail wrapper with +8 member and tail 0x005D13C2. Target-byte verification does not promote an address-derived class name to a recovered semantic identity; see retained source for boundary/ABI/caller evidence.
0x005E1906,?rva005E1906@Rva005E1906@@QAEXXZ,17,Code/GameEngine/Source/Common/Rva0010BA61Wrappers.cpp,Audited single reconstruction: helper-then-member-tail wrapper with +0xC member and tail 0x005E18D0. Target-byte verification does not promote an address-derived class name to a recovered semantic identity; see retained source for boundary/ABI/caller evidence.
0x005E1917,?rva005E1917@Rva005E1917@@QAEXXZ,17,Code/GameEngine/Source/Common/Rva0010BA61Wrappers.cpp,Audited single reconstruction: helper-then-member-tail wrapper with +0xC member and tail 0x005E18DC. Target-byte verification does not promote an address-derived class name to a recovered semantic identity; see retained source for boundary/ABI/caller evidence.
0x005E1BC4,?rva005E1BC4@Rva005E1BC4@@QAEXXZ,17,Code/GameEngine/Source/Common/Rva0010BA61Wrappers.cpp,Audited single reconstruction: helper-then-member-tail wrapper with +0xC member and tail 0x005E1B9A. Target-byte verification does not promote an address-derived class name to a recovered semantic identity; see retained source for boundary/ABI/caller evidence.
0x005E25DE,?rva005E25DE@Rva005E25DE@@QAEXXZ,17,Code/GameEngine/Source/Common/Rva0010BA61Wrappers.cpp,Audited single reconstruction: helper-then-member-tail wrapper with +0xC member and tail 0x005E254C. Target-byte verification does not promote an address-derived class name to a recovered semantic identity; see retained source for boundary/ABI/caller evidence.
0x005E35B5,??0Rva005E35B5@@QAE@ABV0@@Z,20,Code/GameEngine/Source/Common/Rva005E35B5Memcpy.cpp,Audited single reconstruction: copy ctor of 32-byte word-array holder with rep movsd. Target-byte verification does not promote an address-derived class name to a recovered semantic identity; see retained source for boundary/ABI/caller evidence.
0x005E5884,?rva005E5884@Rva005E5884@@QAEHPAXH@Z,26,Code/GameEngine/Source/Common/Rva005E5884Method.cpp,Audited single reconstruction: helper then member forwarder tail called from 0x005E5920 when write fails. Target-byte verification does not promote an address-derived class name to a recovered semantic identity; see retained source for boundary/ABI/caller evidence.
0x005E590F,?rva005E590F@Rva005E590F@@QAEXXZ,17,Code/GameEngine/Source/Common/Rva0010BA61Wrappers.cpp,Audited single reconstruction: helper-then-member-tail wrapper with +8 member and tail 0x005E589E. Target-byte verification does not promote an address-derived class name to a recovered semantic identity; see retained source for boundary/ABI/caller evidence.
0x005E6BA3,?rva005E6BA3@Rva005E6BA3@@QAEXXZ,17,Code/GameEngine/Source/Common/Rva0010BA61Wrappers.cpp,Audited single reconstruction: helper-then-member-tail wrapper with +0x20 member and tail 0x005E6A9D. Target-byte verification does not promote an address-derived class name to a recovered semantic identity; see retained source for boundary/ABI/caller evidence.
0x005E6BB4,?rva005E6BB4@Rva005E6BB4@@QAEXXZ,17,Code/GameEngine/Source/Common/Rva0010BA61Wrappers.cpp,Audited single reconstruction: helper-then-member-tail wrapper with +0x20 member and tail 0x005E6AD8. Target-byte verification does not promote an address-derived class name to a recovered semantic identity; see retained source for boundary/ABI/caller evidence.
0x005EEEFF,??0Rva005EEEFF@@QAE@ABV0@@Z,20,Code/GameEngine/Source/Common/Rva005E35B5Memcpy.cpp,Audited single reconstruction: copy ctor of 20-byte word-array holder with rep movsd. Target-byte verification does not promote an address-derived class name to a recovered semantic identity; see retained source for boundary/ABI/caller evidence.
0x005F50A3,??$_M_assign_dispatch@URva005E59FCKeyIterator@@@?$vector@HV?$allocator@H@_STL@@@_STL@@QAEXURva005E59FCKeyIterator@@0ABU__false_type@1@@Z,22,Code/Libraries/Source/WWVegas/WWLib/StlportTreeKeyRangeVector.cpp,Audited single reconstruction: vector assign false-type dispatch; calls matched _M_assign_aux @0x005F4F74. Target-byte verification does not promote an address-derived class name to a recovered semantic identity; see retained source for boundary/ABI/caller evidence.
0x005F50D3,??$assign@URva005E59FCKeyIterator@@@?$vector@HV?$allocator@H@_STL@@@_STL@@QAEXURva005E59FCKeyIterator@@0@Z,22,Code/Libraries/Source/WWVegas/WWLib/StlportTreeKeyRangeVector.cpp,Audited single reconstruction: vector range assign; ret8 twin forwarding to matched _M_assign_aux @0x005F4F74. Target-byte verification does not promote an address-derived class name to a recovered semantic identity; see retained source for boundary/ABI/caller evidence.
0x005F8F00,??0Rva005F8F00@@QAE@ABV0@@Z,20,Code/GameEngine/Source/Common/Rva005E35B5Memcpy.cpp,Audited single reconstruction: copy ctor of 36-byte word-array holder with rep movsd. Target-byte verification does not promote an address-derived class name to a recovered semantic identity; see retained source for boundary/ABI/caller evidence.
