name,target_rva,verdict
??0?$basic_string@DV?$char_traits@D@_STL@@V?$allocator@D@2@@_STL@@QAE@XZ,0x00007850,bytes_differ
??0?$basic_string@DV?$char_traits@D@_STL@@V?$allocator@D@2@@_STL@@QAE@ABV01@@Z,0x00009170,bytes_differ
??$__get_decimal_integer@V?$istreambuf_iterator@DV?$char_traits@D@_STL@@@_STL@@J@_STL@@YA_NAAV?$istreambuf_iterator@DV?$char_traits@D@_STL@@@0@0AAJ@Z,0x00009CD0,bytes_differ
??$__get_decimal_integer@V?$istreambuf_iterator@GV?$char_traits@G@_STL@@@_STL@@J@_STL@@YA_NAAV?$istreambuf_iterator@GV?$char_traits@G@_STL@@@0@0AAJ@Z,0x0000B4C0,bytes_differ
??$__get_decimal_integer@PADO@_STL@@YA_NAAPAD0AAO@Z,0x0000C120,bytes_differ
??0?$basic_string@GV?$char_traits@G@_STL@@V?$allocator@G@2@@_STL@@QAE@XZ,0x0000DBC0,bytes_differ
??$__get_decimal_integer@PAGO@_STL@@YA_NAAPAG0AAO@Z,0x0000DC30,bytes_differ
??0?$basic_string@GV?$char_traits@G@_STL@@V?$allocator@G@2@@_STL@@QAE@ABV01@@Z,0x0000EA90,bytes_differ
??$__put_integer@V?$ostreambuf_iterator@GV?$char_traits@G@_STL@@@_STL@@@_STL@@YA?AV?$ostreambuf_iterator@GV?$char_traits@G@_STL@@@0@PAD0V10@AAVios_base@0@HG@Z,0x00010A70,bytes_differ
?d_00012190@@YAXXZ,0x00012190,retail_only
??0__Named_exception@_STL@@QAE@ABV?$basic_string@DV?$char_traits@D@_STL@@V?$allocator@D@2@@1@@Z,0x00024C40,retail_only
?bfmeSmallAllocPR@@YAPAXI@Z,0x000279A0,bytes_differ
?d_0002c7fd@@YAXXZ,0x0002C7FD,retail_only
??0Rva0007517F@@QAE@XZ,0x0007517F,bytes_differ
??0Rva0007EBFB@@QAE@XZ,0x0007EBFB,bytes_differ
?initD3DAssets@W3DMouse@@AAEXXZ,0x00098FC1,bytes_differ
??0Rva000A8684@@QAE@XZ,0x000A8684,bytes_differ
??0DelayedLuaEventList@@QAE@XZ,0x000B6D8B,bytes_differ
??0Rva000E6350@@QAE@XZ,0x000E6350,bytes_differ
??0Rva00109C27@@QAE@PBD@Z,0x00109C27,bytes_differ
?Record_Texture_End@@YAXXZ,0x00129E50,obj_only
??1SimpleSceneClass@@UAE@XZ,0x00141DF0,bytes_differ
?Resize@?$VectorClass@U_ENUM_VALUE@EnumParameterClass@@@@UAE_NHPBU_ENUM_VALUE@EnumParameterClass@@@Z,0x00155690,obj_only
?Resize@?$VectorClass@VVector4@@@@UAE_NHPBVVector4@@@Z,0x001793A0,obj_only
??0Rva0017FF77@@QAE@PBDHH@Z,0x0017FF77,bytes_differ
??0Rva0018BEC7@@QAE@XZ,0x0018BEC7,bytes_differ
?Rva001F949DConvert@@YA?AV?$basic_string@DV?$char_traits@D@_STL@@V?$allocator@D@2@@_STL@@ABV?$basic_string@GV?$char_traits@G@_STL@@V?$allocator@G@2@@2@D@Z,0x001F949D,bytes_differ
?init@ScriptEngine@@UAEXXZ,0x00205AFD,bytes_differ
??0Rva002186EB@@QAE@XZ,0x002186EB,bytes_differ
??0DestroyDieModuleData@@QAE@XZ,0x00253510,bytes_differ
??0FadeAndDieOrnamentUpdateModuleData@@QAE@XZ,0x002555AC,bytes_differ
??1RandomSoundSelectorClientBehaviorModuleData@@UAE@XZ,0x002578DE,bytes_differ
??0Rva00261058@@QAE@PAVObject@@_N@Z,0x00261058,bytes_differ
??0Rva002611F2@@QAE@PAVObject@@@Z,0x002611F2,bytes_differ
??1Rva002CD4A6@@UAE@XZ,0x002CD4A6,bytes_differ
??0Rva002E0A0A@@QAE@ABV0@@Z,0x002E0A0A,bytes_differ
??0ObjectModule@@QAE@PAVThing@@PBVModuleData@@@Z,0x00306AA7,bytes_differ
??0DrawableModule@@QAE@PAVThing@@PBVModuleData@@@Z,0x00306B19,bytes_differ
??0Rva0030B0E3@@QAE@XZ,0x0030B0E3,bytes_differ
??1Rva0035A9C1@@UAE@XZ,0x0035A9C1,bytes_differ
??0Rva00382FA7@@QAE@ABU0@@Z,0x00382FA7,bytes_differ
??0GameInfo@@QAE@XZ,0x00400A07,bytes_differ
??1Rva0040B77E@@QAE@XZ,0x0040B77E,bytes_differ
??0Rva004147CF@@QAE@ABV0@@Z,0x004147CF,bytes_differ
??1Rva0041573F@@QAE@XZ,0x004156BC,bytes_differ
??0GettingBuiltBehaviorModuleData@@QAE@XZ,0x0045324E,bytes_differ
??1StancesBehavior@@UAE@XZ,0x0045F001,bytes_differ
??0ShareExperienceBehaviorModuleData@@QAE@XZ,0x0047FE90,bytes_differ
??1SpecialPowerModuleData@@UAE@XZ,0x0049334F,bytes_differ
??0GateOpenAndCloseBehaviorModuleData@@QAE@XZ,0x00498E2E,bytes_differ
??0AODCrushCollideModuleData@@QAE@XZ,0x004BBF89,bytes_differ
??1BfmeObject544@@QAE@XZ,0x004CACB8,bytes_differ
??1Rva005248D0@@UAE@XZ,0x005248D0,bytes_differ
??1Rva0053FB33@@UAE@XZ,0x0053FB33,bytes_differ
??0Rva0055011A@@QAE@XZ,0x0055011A,bytes_differ
?processWrapper@NetCommandWrapperList@@QAEXPAVNetCommandRef@@@Z,0x0058C11F,bytes_differ
?readWrapperMessage@NetPacket@@KAPAVNetCommandMsg@@PAEAAH@Z,0x0058E0E2,bytes_differ
??0Rva00597693@@QAE@PAX@Z,0x00597693,bytes_differ
??0Rva005C663C@@QAE@XZ,0x005C663C,bytes_differ
??0Rva005CD651@@QAE@H@Z,0x005CD651,bytes_differ
??0Rva005CF8A1@@QAE@PAX@Z,0x005CF8A1,bytes_differ
??1Rva005D4C61@@UAE@XZ,0x005D4C61,bytes_differ
??0Rva005E9FC1@@QAE@PAX@Z,0x005E9FC1,bytes_differ
?rva005EF8BB@Rva005EF8BB@@QAEXXZ,0x005EF8BB,bytes_differ
?rva005F11D0@Rva005F11D0@@QAEXXZ,0x005F11D0,bytes_differ
??1Rva005FCF0E@@UAE@XZ,0x005FCF0E,bytes_differ
?Increase_Table_Size@?$IndexClass@HPAUINISection@@@@AAE_NH@Z,0x00616190,bytes_differ
??0Rva006DE480@@QAE@XZ,0x006DE480,bytes_differ
??0Rva006DE510@@QAE@XZ,0x006DE510,bytes_differ
??0Rva006DE5A0@@QAE@XZ,0x006DE5A0,bytes_differ
??0Rva006DE630@@QAE@XZ,0x006DE630,bytes_differ
??0Rva006DE6D0@@QAE@XZ,0x006DE6D0,bytes_differ
??0Rva006DE790@@QAE@XZ,0x006DE790,bytes_differ
?callback006F2760@@YAPAVAptValue@@PAV1@H@Z,0x006F2760,bytes_differ
?rva006F6E00@BfmeQuery1279@@QAEPAVAptCIH@@HHPAXPAV2@PAVAptValue@@@Z,0x006F6E00,bytes_differ
??0BfmeQuery1279@@QAE@XZ,0x006F7B20,bytes_differ
??0Rva006F8D70@@QAE@XZ,0x006F8550,bytes_differ
?rva006FBED0@Rva8D0D80Result@@QAEXXZ,0x006FBED0,bytes_differ
?PrepareForExecution@AptActionInterpreter@@QAEPAXPAUAptActionSetup@@@Z,0x00700090,bytes_differ
?_FunctionAptActionDefineFunction@AptActionInterpreter@@CAXQAU1@QAULocalContextT@1@@Z,0x00704B50,bytes_differ
?_FunctionAptActionDefineFunction2@AptActionInterpreter@@CAXQAU1@QAULocalContextT@1@@Z,0x00704C60,bytes_differ
?_FunctionAptActionCallFunction@AptActionInterpreter@@CAXQAU1@QAULocalContextT@1@@Z,0x00707910,bytes_differ
