class	source	retail_rvas	header	failure	retry_budget	acceptance
Coord3D	Code/GameEngine/Source/Common/Bfme/Rva004DEA70Unlock.cpp	0x004DEA70	Code/Libraries/Include/Lib/Coord3D.h	Code\GameEngine\Source\Common\Bfme\Rva004DEA70Unlock.cpp(45) : error C2039: 'equals' : is not a member of 'Coord3D'	3	python3 tools/header_adopt_lane.py accept --class Coord3D Code/GameEngine/Source/Common/Bfme/Rva004DEA70Unlock.cpp
Coord3D	Code/GameEngine/Source/Common/RTS/ShroudManagerImpl008FBA40CtorDrain.cpp	0x00063333 0x0073D580 0x0073D7D0 0x0073E310	Code/Libraries/Include/Lib/Coord3D.h	Code\GameEngine\Source\Common\RTS\ShroudManagerImpl008FBA40CtorDrain.cpp(112) : error C2039: 'zero' : is not a member of 'Coord3D'	3	python3 tools/header_adopt_lane.py accept --class Coord3D Code/GameEngine/Source/Common/RTS/ShroudManagerImpl008FBA40CtorDrain.cpp
Coord3D	Code/GameEngine/Source/Common/Rva00051CBAEquals.cpp	0x00051CBA	Code/Libraries/Include/Lib/Coord3D.h	Code\GameEngine\Source\Common\Rva00051CBAEquals.cpp(28) : error C2039: 'equals' : is not a member of 'Coord3D'	3	python3 tools/header_adopt_lane.py accept --class Coord3D Code/GameEngine/Source/Common/Rva00051CBAEquals.cpp
Coord3D	Code/GameEngine/Source/Common/Rva0010BA61Wrappers.cpp	0x004E54B8 0x005962E7 0x005D1516 0x005E1906	Code/Libraries/Include/Lib/Coord3D.h	FAIL ?rva005D1516@Rva005D1516@@QAEXXZ (Code/GameEngine/Source/Common/Rva0010BA61Wrappers.cpp)	3	python3 tools/header_adopt_lane.py accept --class Coord3D Code/GameEngine/Source/Common/Rva0010BA61Wrappers.cpp
Coord3D	Code/GameEngine/Source/Common/Rva00506B74CopyCompare.cpp	0x00506B74	Code/Libraries/Include/Lib/Coord3D.h	Code\GameEngine\Source\Common\Rva00506B74CopyCompare.cpp(33) : error C2039: 'equals' : is not a member of 'Coord3D'	3	python3 tools/header_adopt_lane.py accept --class Coord3D Code/GameEngine/Source/Common/Rva00506B74CopyCompare.cpp
Coord3D	Code/GameEngine/Source/Common/Rva00506B74Tactic.cpp	0x00506B96 0x00506BDC 0x00506BF7 0x00506C39	Code/Libraries/Include/Lib/Coord3D.h	Code\GameEngine\Source\Common\Rva00506B74Tactic.cpp(255) : error C2039: 'set' : is not a member of 'Coord3D'	3	python3 tools/header_adopt_lane.py accept --class Coord3D Code/GameEngine/Source/Common/Rva00506B74Tactic.cpp
Coord3D	Code/GameEngine/Source/Common/Rva0055A7DBTess.cpp	0x000BDB41 0x002CA86E 0x0055A7DB	Code/Libraries/Include/Lib/Coord3D.h	FAIL ?rva0055A7DB@Rva0055A246@@QAEXHPAX@Z (Code/GameEngine/Source/Common/Rva0055A7DBTess.cpp)	3	python3 tools/header_adopt_lane.py accept --class Coord3D Code/GameEngine/Source/Common/Rva0055A7DBTess.cpp
Coord3D	Code/GameEngine/Source/GameLogic/AI/AIPlayer.cpp	0x004F21D5 0x004F29E9 0x004F2BEE 0x005508E2	Code/Libraries/Include/Lib/Coord3D.h	Code\GameEngine\Source\GameLogic\AI\AIPlayer.cpp(369) : error C2039: 'zero' : is not a member of 'Coord3D'	3	python3 tools/header_adopt_lane.py accept --class Coord3D Code/GameEngine/Source/GameLogic/AI/AIPlayer.cpp
Coord3D	Code/GameEngine/Source/GameLogic/AI/AIStateHashCtorsMisc.cpp	0x00342547 0x0036756A 0x003675AC 0x003675D6	Code/Libraries/Include/Lib/Coord3D.h	Code\GameEngine\Source\GameLogic\AI\AIStateHashCtorsMisc.cpp(115) : error C2039: 'zero' : is not a member of 'Coord3D'	3	python3 tools/header_adopt_lane.py accept --class Coord3D Code/GameEngine/Source/GameLogic/AI/AIStateHashCtorsMisc.cpp
Coord3D	Code/GameEngine/Source/GameLogic/AI/MoveToGroupOrderCtor.cpp	0x005473F7 0x00547479 0x0054747E 0x0054752B	Code/Libraries/Include/Lib/Coord3D.h	Code\GameEngine\Source\GameLogic\AI\MoveToGroupOrderCtor.cpp(123) : error C2661: 'Coord3D::Coord3D' : no overloaded function takes 3 arguments	3	python3 tools/header_adopt_lane.py accept --class Coord3D Code/GameEngine/Source/GameLogic/AI/MoveToGroupOrderCtor.cpp
Coord3D	Code/GameEngine/Source/GameLogic/AI/PathAppendNodeCopy.cpp	0x0026212A	Code/Libraries/Include/Lib/Coord3D.h	FAIL ??0PathNode@@QAE@PBUCoord3D@@W4PathfindLayerEnum@@@Z (Code/GameEngine/Source/GameLogic/AI/PathAppendNodeCopy.cpp)	3	python3 tools/header_adopt_lane.py accept --class Coord3D Code/GameEngine/Source/GameLogic/AI/PathAppendNodeCopy.cpp
Coord3D	Code/GameEngine/Source/GameLogic/Map/TerrainLogic_getGroundHeight.cpp	0x0027CE9A 0x0027CEBC	Code/Libraries/Include/Lib/Coord3D.h	Code\GameEngine\Source\GameLogic\Map\TerrainLogic_getGroundHeight.cpp(37) : error C2039: 'zero' : is not a member of 'Coord3D'	3	python3 tools/header_adopt_lane.py accept --class Coord3D Code/GameEngine/Source/GameLogic/Map/TerrainLogic_getGroundHeight.cpp
Coord3D	Code/GameEngine/Source/GameLogic/Object/Behavior/PhysicsBehaviorCtor.cpp	0x003907A6	Code/Libraries/Include/Lib/Coord3D.h	Code\GameEngine\Source\GameLogic\Object\Behavior\PhysicsBehaviorCtor.cpp(121) : error C2039: 'zero' : is not a member of 'Coord3D'	3	python3 tools/header_adopt_lane.py accept --class Coord3D Code/GameEngine/Source/GameLogic/Object/Behavior/PhysicsBehaviorCtor.cpp
Coord3D	Code/GameEngine/Source/GameLogic/Object/Update/StructureToppleUpdateCtor.cpp	0x004A5556	Code/Libraries/Include/Lib/Coord3D.h	Code\GameEngine\Source\GameLogic\Object\Update\StructureToppleUpdateCtor.cpp(143) : error C2039: 'zero' : is not a member of 'Coord3D'	3	python3 tools/header_adopt_lane.py accept --class Coord3D Code/GameEngine/Source/GameLogic/Object/Update/StructureToppleUpdateCtor.cpp
Coord3D	Code/GameEngine/Source/GameLogic/SkirmishAI/AISpecialPowers/AISPecialPowerTargetAoE.cpp	0x005EE317 0x005EE3B0 0x005EE5D7 0x005EE816	Code/Libraries/Include/Lib/Coord3D.h	Code\GameEngine\Source\GameLogic\SkirmishAI\AISpecialPowers\AISPecialPowerTargetAoE.cpp(30) : error C2039: 'normalize' : is not a member of 'Coord3D'	3	python3 tools/header_adopt_lane.py accept --class Coord3D Code/GameEngine/Source/GameLogic/SkirmishAI/AISpecialPowers/AISPecialPowerTargetAoE.cpp
Coord3D	Code/GameEngineDevice/Source/W3DDevice/GameClient/BaseHeightMapAddProp.cpp	0x0006831C	Code/Libraries/Include/Lib/Coord3D.h	FAIL ?addProp@BaseHeightMapRenderObjClass@@QAEXHUCoord3D@@MMABVAsciiString@@_N@Z (Code/GameEngineDevice/Source/W3DDevice/GameClient/BaseHeightMapAddProp.cpp)	3	python3 tools/header_adopt_lane.py accept --class Coord3D Code/GameEngineDevice/Source/W3DDevice/GameClient/BaseHeightMapAddProp.cpp
Coord3D	Code/Libraries/Source/WWVegas/WWMath/region.cpp	0x000036D1 0x00003F3A 0x00004C06 0x00004C28	Code/Libraries/Include/Lib/Coord3D.h	Code\Libraries\Source\WWVegas\WWMath\region.cpp(92) : error C2039: 'scale' : is not a member of 'Coord3D'	3	python3 tools/header_adopt_lane.py accept --class Coord3D Code/Libraries/Source/WWVegas/WWMath/region.cpp
