date,commit,objects,unresolved,alias,pinned_elsewhere,dump,data,import,unpinned,duplicates,comdat_conflicts,comdat_vtables,scaffold_aliases,scaffold_unresolved,scaffold_crashed,files,files_linked,blocking_names,addresses,linked_bytes,linked_authored,game_code,files_linked_prev_rule,linked_bytes_prev_rule,linked_authored_prev_rule,rules,prev_rules
2026-09-29 11:03,c4d3910546,9016,9025,1703,651,0,0,600,6071,1739,6108,330,,,,8984,3962,8342,2228,733063,563651,7516589,,,,,
2026-09-30 18:26,da49a347d4,10100,9334,1733,607,0,0,607,6387,1818,6432,343,,,,10068,4686,8644,2252,835097,664131,7515650,,,,,
2026-09-30 21:46,d20a7093cb,10310,9362,1738,591,0,0,611,6422,1821,6472,344,,,,10278,5092,8616,2247,980362,752893,7514921,,,,,
2026-09-30 22:16,03a4773aaa,10328,9309,1724,589,0,0,611,6385,1818,6480,344,,,,10296,5206,8563,2247,1035943,798114,7514820,,,,,
2026-09-30 22:45,fc5d5373ee,10357,9315,1720,589,0,0,611,6395,1566,6271,345,,,,10325,5369,8569,2247,1082069,819883,7514820,,,,,
2026-09-30 23:19,94a40108f3,10384,8860,1721,588,0,0,611,5940,1568,6277,345,,,,10352,5452,8114,2247,1090682,828496,7514820,,,,,
2026-10-01 00:08,6de6cf837f,10442,8700,1710,574,0,0,611,5805,1574,6291,349,,,,10410,5540,7954,2247,1102178,839992,7514820,,,,,
2026-10-01 01:24,5f01a9c2c9,10494,8609,1698,571,0,0,610,5730,1577,6306,349,,,,10462,5751,7863,2240,1164582,902396,7514820,,,,,
2026-10-01 02:18,b0dd52fc58,10545,8466,1676,567,0,0,610,5613,1575,6315,349,,,,10513,5880,7720,2234,1184821,922635,7514820,,,,,
2026-10-01 03:17,85af8687d1,10598,8456,1662,567,0,0,610,5617,1444,6323,349,,,,10566,5983,7710,2234,1203716,941530,7514820,,,,,
2026-10-01 03:52,58abefdd10,10626,8405,1660,567,0,0,610,5568,1416,6336,348,,,,10594,6017,7659,2234,1208638,946452,7514820,,,,,
2026-10-01 10:14,cd8e195d24,10943,8423,1615,565,0,0,611,5632,1429,6384,353,,,,10911,6322,7675,2079,1249307,987121,7514820,,,,,
2026-10-01 11:49,b5423973bb,11073,8454,1613,570,0,0,613,5658,1433,6392,354,,,,11041,6461,7704,2007,1260384,998198,7514820,,,,,
2026-10-01 12:56,5eb567143d,11172,8453,1603,571,0,0,614,5665,1437,6401,354,,,,11140,6554,7702,2007,1286151,1023965,7514820,,,,,
2026-10-01 13:11,9c7974ad3b,11184,8458,1605,570,0,0,614,5669,1429,6397,354,,,,11152,6568,7707,2007,1294387,1032201,7514820,,,,,
2026-10-01 14:30,4840b84a7b,11160,8465,1584,569,0,0,614,5698,1247,6239,328,,,,11128,6746,7713,2008,1328966,1066780,7513857,,,,,
2026-10-01 16:44,dcd664a70b,11184,8467,1574,569,0,0,614,5710,1103,6125,311,,,,11152,6886,7715,2002,1347480,1085294,7513857,,,,,
2026-10-01 17:35,4476397a5f,11217,8460,1570,569,0,0,614,5707,1073,6085,306,,,,11185,6948,7708,1996,1362202,1100016,7513857,,,,,
2026-10-01 18:21,90529d70a5,11242,7930,1568,559,0,0,611,5192,1073,6084,306,,,,11210,7079,7178,1711,1384084,1117274,7513857,,,,,
2026-10-01 18:50,f0a3765328,11259,7419,1565,558,0,0,611,4685,1073,6077,306,,,,11227,7266,6667,1649,1411430,1144298,7513857,,,,,
2026-10-01 19:08,e36f0de979,11262,7417,1563,558,0,0,611,4685,1074,6075,306,,,,11230,7292,6665,1644,1418826,1151694,7513857,,,,,
2026-10-02 00:07,b3add87f78,11523,7281,1528,563,0,0,611,4579,1023,6051,305,,,,11491,7636,6528,1576,1527318,1256396,7513857,,,,,
2026-10-02 06:45,f27e46fce4,11733,7168,1519,549,2,0,614,4484,887,5991,291,,,,11701,6202,6407,1555,1062339,795390,7513857,7970,1612176,1339650,retail-truth-1,majority-0
2026-10-02 14:59,93618e048d,12014,5675,716,537,2,0,612,3808,818,5936,285,,,,11982,6956,4914,1497,1267671,993967,7513857,7676,1368685,1094981,retail-truth-1,retail-truth-1-no-wrong-selected
2026-10-02 20:57,f92ee6b798,12231,5659,727,537,2,0,611,3782,697,5827,280,,,,12199,7315,4901,1444,1319590,1041583,7513775,7995,1417740,1139733,retail-truth-1,retail-truth-1-no-wrong-selected
2026-10-03 11:04,e98a9dba63,12857,5869,759,569,2,0,613,3926,468,5821,269,,,,12825,7811,5108,1121,1383492,1105485,7513775,8561,1492957,1214950,retail-truth-1,retail-truth-1-no-wrong-selected
2026-10-03 16:06,7f007de8e4,12981,5886,767,569,2,0,613,3935,468,5815,265,,,,12949,8016,5125,1121,1409747,1131740,7513775,8759,1516511,1238504,retail-truth-1,retail-truth-1-no-wrong-selected
2026-10-03 17:38,36a9affbd5,13256,5950,778,571,2,0,613,3986,470,5845,259,,,,13224,8189,5189,1121,1423194,1145187,7513775,8933,1529762,1251755,retail-truth-1,retail-truth-1-no-wrong-selected
2026-10-04 08:39,2c9853dea7,13711,6159,799,594,2,0,618,4146,476,5848,259,,,,13679,8339,5396,1130,1433431,1155424,7513775,9217,1557840,1279833,retail-truth-1,retail-truth-1-no-wrong-selected
2026-10-04 11:11,511cc31518,14024,6432,902,763,2,0,624,4140,504,5959,260,,,,13992,8511,5664,1124,1468137,1190130,7513775,9362,1594022,1316015,retail-truth-1,retail-truth-1-no-wrong-selected
2026-10-04 13:06,adbf82d587,14391,6521,919,813,2,0,624,4162,530,5973,268,,,,14359,8768,5753,1124,1491784,1213777,7513775,9610,1614657,1336650,retail-truth-1,retail-truth-1-no-wrong-selected
