index,name,call_rva,instance_factory_rva,data_factory_rva,hook_rva,module_type,interface_mask
0,AutoHealBehavior,0x00257CF2,0x0024A8DC,0x0025694B,,0,133
1,WallHubBehavior,0x00257D2B,0x0024A914,0x0024A94C,,0,1
2,GettingBuiltBehavior,0x00257D63,0x0024A99D,0x0024A9D5,,0,1
3,CastleBehavior,0x00257D9B,0x0024AA5E,0x0024AA99,,0,9
4,CastleMemberBehavior,0x00257DD1,0x0024AAEE,0x0024AB26,,0,4
5,BuildingBehavior,0x00257E09,0x0024AB77,0x0024ABAF,,0,1
6,BridgeBehavior,0x00257E41,0x0024AC00,0x0024AC3B,,0,7
7,BridgeScaffoldBehavior,0x00257E79,0x0024AC90,0x00255ED8,,0,1
8,BridgeTowerBehavior,0x00257EB1,0x0024ACC8,0x00306A6E,,0,6
9,RampageBehavior,0x00257EE9,0x0024AD00,0x0024AD38,,0,1
10,EnragedBehavior,0x00257F21,0x0024AD89,0x0024ADC1,,0,1
11,EntEnragedUpdate,0x00257F59,0x0024FB47,0x0024FB7F,,0,1
12,AIGateUpdate,0x00257F91,0x0024FA2C,0x0024FA64,,0,1
13,HitReactionBehavior,0x00257FC9,0x0024AE12,0x0024AE4A,,0,1
14,ClickReactionBehavior,0x00258001,0x0024AE9B,0x0024AED3,,0,1
15,SiegeDockingBehavior,0x00258039,0x0024AF24,0x0024AF5C,,0,1
16,AutoAbilityBehavior,0x00258071,0x0024AFAD,0x0024AFE5,,0,1
17,DualWeaponBehavior,0x002580A9,0x0024B036,0x0024B06E,,0,1
18,AimWeaponBehavior,0x002580E1,0x0024B0BF,0x0024B0F7,,0,1
19,BezierProjectileBehavior,0x00258119,0x0024B148,0x0024B183,,0,17
20,MissileUpdate,0x00258151,0x0024EF65,0x0024EFA0,,0,17
21,PhysicsBehavior,0x00258189,0x0024E73C,0x0024E774,,0,1
22,InstantDeathBehavior,0x002581C1,0x0024B1DB,0x0024B213,,0,2
23,SlowDeathBehavior,0x002581F9,0x0024B264,0x0024B29C,,0,3
24,ShipSlowDeathBehavior,0x00258231,0x0024B2F0,0x0024B328,,0,3
25,SpawnBehavior,0x0025826C,0x0024B405,0x0025769F,,0,135
26,GiantBirdSlowDeathBehavior,0x002582A4,0x0024B599,0x0024B5D1,,0,3
27,CaveContain,0x002582DC,0x0024B797,0x00257714,,0,95
28,OpenContain,0x00258314,0x0024B6E9,0x0024B724,,0,95
29,SpawnUnitBehavior,0x0025834C,0x00250926,0x002559F1,,0,1
30,OathbreakersFadeAwayBehavior,0x00258384,0x0025095E,0x00254936,,0,1
31,WargBehavior,0x002583BB,0x0024B443,0x00253575,,0,0
32,DynamicPortalBehaviour,0x002583F6,0x0024B47B,0x0024B4B3,,0,142
33,FakePathfindPortalBehaviour,0x0025842E,0x0024B50D,0x0024B545,,0,11
34,MineshaftPortalBehaviour,0x00258466,0x0024B625,0x0024B65D,,0,11
35,CritterEmitterUpdate,0x0025849E,0x002528CE,0x00252906,,0,17
36,StancesBehavior,0x002584D6,0x0024B37C,0x0024B3B4,,0,1
37,HealContain,0x0025850E,0x0024B7D2,0x0024B80D,,0,95
38,HordeContain,0x0025854A,0x0024B8F0,0x0024B92B,0x00469B9F,0,95
39,HorseHordeContain,0x00258586,0x0024B97F,0x002535C4,0x0047A6A4,0,95
40,AODHordeContain,0x002585C2,0x0024BB25,0x0024BB60,0x0047A6A4,0,95
41,GarrisonContain,0x002585FA,0x0024BA5B,0x00254F90,,0,95
42,TransportContain,0x00258636,0x0024B861,0x0024B89C,0x00467564,0,95
43,SiegeEngineContain,0x0025866E,0x0024BBB4,0x0024BBEF,,0,95
44,HordeSiegeEngineContain,0x002586A6,0x0024BC43,0x0024BC7E,,0,95
45,TunnelContain,0x002586DE,0x0024BCED,0x00257A0A,,0,95
46,HordeTransportContain,0x00258716,0x0024B9CC,0x0024BA07,,0,95
47,HordeGarrisonContain,0x0025874E,0x0024BA96,0x0024BAD1,,0,95
48,RiderChangeContain,0x00258786,0x0024BD28,0x0024BD63,,0,95
49,SlaughterHordeContain,0x002587BE,0x0024C036,0x0024C071,,0,95
50,CitadelSlaughterHordeContain,0x002587F6,0x0024C0C5,0x0024C100,,0,95
51,ProductionQueueHordeContain,0x0025882E,0x0024C154,0x0024C18F,,0,95
52,PropagandaTowerBehavior,0x00258866,0x0024C1E3,0x0024C21B,,0,3
53,TerrainResourceBehavior,0x0025889E,0x0024C26C,0x0024C2A4,,0,11
54,FireWeaponWhenDamagedBehavior,0x002588D9,0x0024C2F5,0x00253703,,0,133
55,FireWeaponWhenDeadBehavior,0x00258914,0x0024C333,0x002537DC,,0,131
56,PoisonedBehavior,0x0025894C,0x0024C36E,0x0024C3A6,,0,5
57,RebuildHoleBehavior,0x00258984,0x0024C3FB,0x0024C433,,0,3
58,SupplyWarehouseCripplingBehavior,0x002589BC,0x0024C484,0x0024C4BC,,0,5
59,ClearanceTestingSlowDeathBehavior,0x002589F4,0x0024C50D,0x0024C545,,0,3
60,RunOffMapBehavior,0x00258A2B,0x0024B6B1,0x00254F24,,0,0
61,ReplenishUnitsBehavior,0x00258A66,0x0024C599,0x0024C5D1,,0,129
62,SlaveWatcherBehavior,0x00258A9E,0x0024C625,0x0024C660,,0,1
63,AnnounceBirthAndDeathBehavior,0x00258AD6,0x0024C7C7,0x00255ED8,,0,10
64,DestroyDie,0x00258B0E,0x0024CA70,0x00254E7D,,0,2
65,FXListDie,0x00258B46,0x0024CAA8,0x00253AB4,,0,2
66,CrushDie,0x00258B7E,0x0024CA38,0x00253A27,,0,2
67,HeroDie,0x00258BB6,0x0025185B,0x00253B05,,0,2
68,CreateCrateDie,0x00258BEE,0x0024C851,0x0025739D,,0,2
69,RefundDie,0x00258C26,0x0024C819,0x00253940,,0,2
70,CreateObjectDie,0x00258C5E,0x0024C889,0x0024C8C1,,0,2
71,CreateObjectDieIfEldestKindof,0x00258C96,0x0024C912,0x0024C94A,,0,2
72,DamageFilteredCreateObjectDie,0x00258CCE,0x0024C99B,0x0024C9D3,,0,6
73,SpecialPowerCompletionDie,0x00258D06,0x0024CB69,0x00253B05,,0,2
74,RebuildHoleExposeDie,0x00258D3E,0x0024CAE0,0x0024CB18,,0,2
75,UpgradeDie,0x00258D76,0x0024CBA1,0x00255103,,0,2
76,KeepObjectDie,0x00258DAE,0x0024CBD9,0x00253BB7,,0,2
77,AssistedTargetingUpdate,0x00258DE6,0x0024CC11,0x00253C23,,0,1
78,AutoFindHealingUpdate,0x00258E1E,0x0024DEC6,0x0024DEFE,,0,1
79,StealthDetectorUpdate,0x00258E56,0x0024EBB5,0x002553C5,,0,1
80,BroadcastStealthUpdate,0x00258E91,0x0024EBED,0x00255440,,0,129
81,StealthUpdate,0x00258EC9,0x0024EC25,0x0024EC60,,0,1
82,InvisibilityUpdate,0x00258F01,0x0024ECB4,0x0025553A,,0,1
83,DelayedWeaponSetUpgradeUpdate,0x00258F39,0x0024CCBC,0x0024CCF4,,0,1
84,DeletionUpdate,0x00258F71,0x0024CD45,0x00253CFF,,0,1
85,DynamicShroudClearingRangeUpdate,0x00258FA9,0x0024CE09,0x0024CE44,,0,1
86,DeployStyleAIUpdate,0x00258FE1,0x0024D1E6,0x0025517E,,0,17
87,AssaultTransportAIUpdate,0x00259019,0x0024D263,0x0024D29E,,0,17
88,GiantBirdAIUpdate,0x00259051,0x0024D2EF,0x0024D32A,,0,17
89,LargeGroupBonusUpdate,0x00259089,0x0024D407,0x0024D43F,,0,1
90,ToppleUpdate,0x002590C1,0x0024F080,0x0024F0B8,,0,17
91,DelayedLuaEventUpdate,0x002590F9,0x0024F109,0x0024F141,,0,1
92,LifetimeUpdate,0x00259131,0x0024E36B,0x0024E3A3,,0,1
93,OneRingPenaltyUpdate,0x00259169,0x0024E3F4,0x0024E42C,,0,3
94,SpecialEnemySenseUpdate,0x002591A1,0x0024E47D,0x0025409C,,0,1
95,RadiusDecalUpdate,0x002591D9,0x0024E4B5,0x002533FC,,0,1
96,RainOfFireUpdate,0x00259211,0x0024F3B3,0x0024F3EB,,0,1
97,DestroyEnvironmentUpdate,0x00259249,0x0024F43C,0x0024F474,,0,1
98,PartTheHeavensUpdate,0x00259281,0x0024F4C5,0x0024F4FD,,0,1
99,AutoDepositUpdate,0x002592B9,0x0024E4ED,0x00254152,,0,1
100,FireSpreadUpdate,0x002592F1,0x0024CE95,0x0024CECD,,0,1
101,FireWeaponUpdate,0x00259329,0x0024CF1E,0x0024CF56,,0,1
102,OilSpillUpdate,0x00259361,0x0024CFA7,0x0024CFDF,,0,1
103,DamageFieldUpdate,0x00259399,0x0024D788,0x0024D7C0,,0,1
104,MonitorConditionUpdate,0x002593D1,0x0024D811,0x0024D849,,0,1
105,FlammableUpdate,0x00259409,0x0024D030,0x0024D068,,0,5
106,FloatUpdate,0x00259441,0x0024D0B9,0x0024D0F1,,0,1
107,FloodUpdate,0x00259479,0x0024D142,0x0024D17A,,0,1
108,HeightDieUpdate,0x002594B1,0x0024D37E,0x0024D3B6,,0,1
109,SiegeAIUpdate,0x002594E9,0x0024D490,0x0024D4CB,,0,17
110,AIUpdateInterface,0x00259521,0x0024BDB7,0x0024BDF2,,0,17
111,HordeAIUpdate,0x00259559,0x0024E525,0x002541A3,,0,17
112,HordeWorkerAIUpdate,0x00259591,0x0024E560,0x002541A3,,0,17
113,SupplyTruckAIUpdate,0x002595C9,0x0024EED6,0x0024EF11,,0,17
114,LaserUpdate,0x00259605,0x0024D522,0x0024D55A,,2,2048
115,CommandButtonHuntUpdate,0x0025963A,0x0024DF4F,0x0024DF87,,0,1
116,DemoTrapUpdate,0x0025966F,0x0024DFD8,0x0024E010,,0,1
117,AutoPickUpUpdate,0x002596A4,0x0024E061,0x0024E099,,0,1
118,BoredUpdate,0x002596D9,0x0024E0EA,0x0024E122,,0,1
119,CivilianSpawnUpdate,0x0025970E,0x0024BF24,0x0024BF5C,,0,1
120,ShareExperienceBehavior,0x00259743,0x0024BFAD,0x0024BFE5,,0,1
121,BannerCarrierUpdate,0x00259778,0x0024E173,0x0024E1AB,,0,1
122,BattlePlanUpdate,0x002597AD,0x0024E1FC,0x0024E237,,0,1
123,GateOpenAndCloseBehavior,0x002597E2,0x0024E28B,0x00253F1F,,0,17
124,GateProxyBehavior,0x00259817,0x00253F70,0x00253FB1,,0,17
125,QueueProductionExitUpdate,0x0025984C,0x0024E969,0x0025424F,,0,1
126,RepairDockUpdate,0x00259881,0x0024EA65,0x0024EAA0,,0,1
127,ArrowStormUpdate,0x002598B6,0x0024D5C6,0x0024D601,,0,1
128,WeaponModeSpecialPowerUpdate,0x002598EE,0x0024DCE9,0x0024DD21,,0,257
129,ModelConditionSpecialAbilityUpdate,0x00259923,0x0024D670,0x0024D6AB,,0,1
130,StrafeAreaUpdate,0x00259958,0x0024D6FF,0x0024D737,,0,1
131,ToggleMountedSpecialAbilityUpdate,0x0025998D,0x0024F68A,0x0024F6C5,,0,9
132,ToggleHiddenSpecialAbilityUpdate,0x002599C2,0x0024F734,0x0024F76F,,0,1
133,ToggleDeploySpecialAbilityUpdate,0x002599F7,0x0024F7DE,0x0024F819,,0,1
134,WeaponFireSpecialAbilityUpdate,0x00259A2C,0x0024DB1B,0x0024DB56,,0,1
135,TeleportSpecialAbilityUpdate,0x00259A61,0x0024DBC5,0x0024DC00,,0,1
136,HeroModeSpecialAbilityUpdate,0x00259A96,0x0024D9C7,0x0024DA02,,0,1
137,WeaponSetSpecialAbilityUpdate,0x00259ACB,0x0024DA71,0x0024DAAC,,0,1
138,ScaleWallSpecialAbilityUpdate,0x00259B00,0x0024DD8D,0x0024DDC8,,0,1
139,FlingPassengerSpecialAbilityUpdate,0x00259B35,0x0024DE37,0x0024DE72,,0,1
140,GiveUpgradeUpdate,0x00259B6A,0x0024E7C5,0x0024E800,,0,1
141,LargeGroupAudioUpdate,0x00259B9F,0x0024F327,0x0024F362,,0,1
142,NotifyTargetsOfImminentProbableCrushingUpdate,0x00259BD4,0x00255207,0x00253D37,,0,1
143,HordeNotifyTargetsOfImminentProbableCrushingUpdate,0x00259C09,0x002551CF,0x00253D37,,0,1
144,AttachUpdate,0x00259C3E,0x0024D89A,0x0024D8D2,,0,1
145,PickupStuffUpdate,0x00259C73,0x0024D923,0x0024D95B,,0,1
146,DefaultProductionExitUpdate,0x00259CA8,0x0024CC84,0x002543C7,,0,1
147,SpawnPointProductionExitUpdate,0x00259CDD,0x0024ECEC,0x00256137,,0,1
148,SlavedUpdate,0x00259D12,0x0024EB7D,0x00255340,,0,1
149,OCLUpdate,0x00259D47,0x0024E59B,0x0024E5D3,,0,1
150,AttributeModifierAuraUpdate,0x00259D7F,0x0024E624,0x0024E65C,,0,129
151,RadiateFearUpdate,0x00259DB7,0x0024E6B0,0x0024E6E8,,0,129
152,SpecialAbilityUpdate,0x00259DEC,0x0024A847,0x0024A882,,0,1
153,SupplyCenterProductionExitUpdate,0x00259E21,0x0024EE3F,0x002543C7,,0,1
154,SupplyCenterDockUpdate,0x00259E56,0x0024E9D9,0x0024EA14,,0,1
155,SupplyWarehouseDockUpdate,0x00259E8B,0x0024EFF4,0x0024F02F,,0,1
156,MonsterDockUpdate,0x00259EC0,0x0024EAF1,0x0024EB2C,,0,1
157,DozerAIUpdate,0x00259EF5,0x0024CD7D,0x0024CDB8,,0,17
158,RousingSpeechUpdate,0x00259F2A,0x0024F551,0x0024F58C,,0,1
159,GloriousChargeUpdate,0x00259F5F,0x0024F5E0,0x0024F61B,,0,1
160,ProductionUpdate,0x00259F94,0x0024E854,0x0024E88F,,0,3
161,ProneUpdate,0x00259FC9,0x0024E8E0,0x0024E918,,0,1
162,HijackerUpdate,0x00259FFE,0x0024ED27,0x0025616B,,0,1
163,FadeAndDieOrnamentUpdate,0x0025A033,0x0024ED5F,0x00255601,,0,1
164,StructureToppleUpdate,0x0025A068,0x0024EE07,0x00257BE7,,0,3
165,StructureCollapseUpdate,0x0025A09D,0x0024ED97,0x00256BEA,,0,3
166,RubbleRiseUpdate,0x0025A0D2,0x0024EDCF,0x002566F6,,0,3
167,BoneFXUpdate,0x0025A107,0x0024CC49,0x00253C78,,0,1
168,RadarUpdate,0x0025A13C,0x0024E9A1,0x00254291,,0,1
169,TransportAIUpdate,0x0025A171,0x0024F192,0x0024BDF2,,0,17
170,WanderAIUpdate,0x0025A1A6,0x0024F20D,0x0024F248,,0,17
171,AnimalAIUpdate,0x0025A1DB,0x0024BE95,0x0024BED0,,0,17
172,FoundationAIUpdate,0x0025A210,0x0024AA26,0x002534C2,,0,1
173,WorkerAIUpdate,0x0025A245,0x0024F2B4,0x002544F1,,0,17
174,WallUpgradeUpdate,0x0025A27A,0x0024F2EF,0x002533FC,,0,5
175,DetachableRiderUpdate,0x0025A2AF,0x0024F86D,0x0024F8A5,,0,1
176,RespawnUpdate,0x0025A2E4,0x0024F8F6,0x0024F92E,,0,1
177,BloodthirstyUpdate,0x0025A319,0x0024A7B0,0x0024A7E8,,0,1
178,AttributeModifierPoolUpdate,0x0025A34E,0x0024C6B1,0x00255ED8,,0,1
179,SpecialDisguiseUpdate,0x0025A383,0x0024F99D,0x0024F9D8,,0,9
180,EmotionTrackerUpdate,0x0025A3BB,0x0024FAB5,0x0024FAF0,,0,513
181,ThreatFinderUpdate,0x0025A3F0,0x0024FBD0,0x0024FC08,,0,1
182,ProjectileStreamUpdate,0x0025A425,0x0024FC59,0x00255ED8,,0,1
183,ReplaceObjectUpdate,0x0025A45A,0x0024FCAF,0x0024FCEA,,0,1
184,AISpecialPowerUpdate,0x0025A48F,0x0024FD3E,0x0024FD76,,0,1
185,CostModifierUpgrade,0x0025A4C7,0x002502DE,0x00250316,,0,140
186,SpellRechargeModifierUpgrade,0x0025A4FF,0x0025036A,0x002503A2,,0,140
187,ArmorUpgrade,0x0025A537,0x0024FDC7,0x002545DB,,0,132
188,BaseUpgrade,0x0025A56F,0x0024FDFF,0x0024FE37,,0,132
189,CommandSetUpgrade,0x0025A5A7,0x0024FE8B,0x00255698,,0,132
190,DelayedUpgrade,0x0025A5DF,0x0024FEC3,0x0025464A,,0,132
191,LevelUpUpgrade,0x0025A617,0x0024FEFB,0x0025469E,,0,132
192,StatusBitsUpgrade,0x0025A64F,0x0025003E,0x0025479D,,0,132
193,StatusBitsUpgradeIfEldestKindof,0x0025A687,0x00250076,0x002556EC,,0,132
194,DoCommandUpgrade,0x0025A6BF,0x002500AE,0x002557B5,,0,132
195,SubObjectsUpgrade,0x0025A6F7,0x002500E6,0x0025780C,,0,132
196,StealthUpgrade,0x0025A72F,0x0025011E,0x00254DB3,,0,132
197,RadarUpgrade,0x0025A767,0x00250006,0x00254741,,0,132
198,LocomotorSetUpgrade,0x0025A79F,0x0024FF33,0x0025470D,,0,132
199,ObjectCreationUpgrade,0x0025A7D7,0x0024FF6B,0x0024FFAC,,0,129
200,UnpauseSpecialPowerUpgrade,0x0025A80F,0x00250156,0x0025018E,,0,132
201,WeaponBonusUpgrade,0x0025A847,0x002501E2,0x00254DB3,,0,132
202,WeaponSetUpgrade,0x0025A87F,0x0025021A,0x00250252,,0,132
203,WeaponBonusUpgrade,0x0025A8B7,0x002501E2,0x00254DB3,,0,132
204,ExperienceScalarUpgrade,0x0025A8EF,0x002503F6,0x0025042E,,0,132
205,MaxHealthUpgrade,0x0025A927,0x00250482,0x002504BA,,0,132
206,ModelConditionUpgrade,0x0025A95F,0x0025050E,0x00250546,,0,132
207,AttributeModifierUpgrade,0x0025A997,0x0025059A,0x00255802,,0,132
208,CastleUpgrade,0x0025A9CF,0x002505D2,0x0025585A,,0,132
209,GeometryUpgrade,0x0025AA07,0x0025060A,0x00250642,,0,132
210,ReplaceSelfUpgrade,0x0025AA3F,0x00250696,0x002506CE,,0,140
211,GarrisonUpgrade,0x0025AA77,0x002502A6,0x00254DB3,,0,132
212,TooltipUpgrade,0x0025AAAF,0x00250728,0x002558E9,,0,132
213,AudioLoopUpgrade,0x0025AAE7,0x00250760,0x00250798,,0,131
214,RemoveUpgradeUpgrade,0x0025AB1F,0x002507F2,0x0025082A,,0,132
215,BuildableHeroListUpgrade,0x0025AB57,0x0025087E,0x0025480B,,0,132
216,AllowBannerSpawnUpgrade,0x0025AB8F,0x002508B6,0x00254857,,0,132
217,CommandPointsUpgrade,0x0025ABC7,0x002508EE,0x002548D2,,0,132
218,PassiveAreaEffectBehavior,0x0025ABFC,0x0024C6EC,0x0024C724,,0,1
219,DominateEnemySpecialPower,0x0025AC31,0x00252EAA,0x00252EE5,,0,1
220,TeleportToCasterSpecialPower,0x0025AC66,0x00253057,0x00253092,,0,1
221,TemporarilyDefectUpdate,0x0025AC9B,0x00252E72,0x00254C9B,,0,1
222,StoreObjectsSpecialPower,0x0025ACD0,0x002530E6,0x00253121,,0,1
223,UnleashSpecialPower,0x0025AD05,0x0025323F,0x0025327A,,0,1
224,EvacuateGarrisonSpecialPower,0x0025AD3A,0x00253175,0x002531B0,,0,1
225,CurseSpecialPower,0x0025AD6F,0x00252F39,0x00252F74,,0,1
226,GiveOrRestoreUpgradeSpecialPower,0x0025ADA4,0x00252FC8,0x00253003,,0,1
227,PillageModule,0x0025ADDC,0x0024C77B,0x0025388A,,0,8192
228,ActivateModuleSpecialPower,0x0025AE11,0x00253204,0x00256DC5,,0,1
229,LockWeaponCreate,0x0025AE46,0x00250996,0x002509CE,,0,8
230,PreorderCreate,0x0025AE7B,0x00250C1B,0x00306A6E,,0,8
231,SpawnedModelConditionCreate,0x0025AEB0,0x0025496D,0x00257C3B,,0,8
232,SupplyCenterCreate,0x0025AEE5,0x00250A99,0x00306A6E,,0,8
233,SupplyWarehouseCreate,0x0025AF1A,0x00250AD1,0x00306A6E,,0,8
234,SpecialPowerCreate,0x0025AF4F,0x00250C53,0x00306A6E,,0,8
235,GrantUpgradeCreate,0x0025AF84,0x00250B09,0x00250B41,,0,8
236,ExperienceLevelCreate,0x0025AFB9,0x00250B92,0x00250BCA,,0,8
237,InheritUpgradeCreate,0x0025AFEE,0x00250C8B,0x00250CC3,,0,8
238,BoneFXDamage,0x0025B023,0x00250D17,0x002533FC,,0,4
239,TransitionDamageFX,0x0025B058,0x00250D4F,0x002549E2,,0,4
240,ReflectDamage,0x0025B08D,0x00250D8A,0x00250DC2,,0,4
241,EvacuateDamage,0x0025B0C2,0x00250E13,0x00250E4B,,0,4
242,HordeTransportContainDamage,0x0025B0F7,0x00250E9C,0x00250ED4,,0,4
243,CallHelpOnDamage,0x0025B12C,0x00250F25,0x00250F5D,,0,4
244,FireWeaponCollide,0x0025B161,0x00250FAE,0x00254A7A,,0,16
245,SquishCollide,0x0025B196,0x00250FE6,0x00254AAB,,0,16
246,AODCrushCollide,0x0025B1CB,0x0025101E,0x00251056,,0,17
247,HordeMemberCollide,0x0025B200,0x002510A7,0x00254AAB,,0,16
248,HealCrateCollide,0x0025B235,0x00251130,0x002510DF,,0,16
249,MoneyCrateCollide,0x0025B26A,0x00251183,0x00256310,,0,16
250,ShroudCrateCollide,0x0025B29F,0x002511BB,0x002510DF,,0,16
251,UnitCrateCollide,0x0025B2D4,0x0025120E,0x00255AB8,,0,16
252,VeterancyCrateCollide,0x0025B309,0x00251261,0x00255B2D,,0,16
253,SalvageCrateCollide,0x0025B33E,0x002512B4,0x00255BD2,,0,16
254,CivilianSpawnCollide,0x0025B373,0x002512EC,0x00251324,,0,16
255,InactiveBody,0x0025B3A8,0x00251375,0x00306A6E,,0,32
256,ActiveBody,0x0025B3DD,0x002513AD,0x002513E8,,0,32
257,HighlanderBody,0x0025B412,0x00251439,0x002513E8,,0,32
258,ImmortalBody,0x0025B447,0x00251474,0x002513E8,,0,32
259,StructureBody,0x0025B47C,0x002514CA,0x0025708C,,0,32
260,SymbioticStructuresBody,0x0025B4B1,0x00251520,0x00256D50,,0,32
261,DelayedDeathBody,0x0025B4E6,0x002515E7,0x00251622,,0,32
262,FreeLifeBody,0x0025B51B,0x00251676,0x002516B1,,0,32
263,DetachableRiderBody,0x0025B550,0x00251705,0x00251740,,0,32
264,OathbreakerBody,0x0025B585,0x00251794,0x002513E8,,0,32
265,PorcupineFormationBodyModule,0x0025B5BA,0x002517CF,0x0025180A,,0,32
266,RespawnBody,0x0025B5EF,0x0025155B,0x00251596,,0,32
267,SpecialPowerModule,0x0025B627,0x0024DC54,0x0024DC8C,,0,256
268,InvisibilitySpecialPower,0x0025B65F,0x00251893,0x002518CB,,0,256
269,CashHackSpecialPower,0x0025B697,0x0025191F,0x00251957,,0,256
270,DefectorSpecialPower,0x0025B6CF,0x002519AB,0x002519E3,,0,256
271,LevelGrantSpecialPower,0x0025B704,0x00251A37,0x00251A72,,0,1
272,ProductionSpeedBonus,0x0025B73C,0x00251AC6,0x00251AFE,,0,256
273,OCLSpecialPower,0x0025B774,0x00251B52,0x00251B8A,,0,256
274,SpecialPowerTimerRefreshSpecialPower,0x0025B7AC,0x00254B1E,0x0024DC8C,,0,256
275,ElvenWoodSpecialPower,0x0025B7E4,0x00251C7C,0x00251CB4,,0,256
276,WeaponChangeSpecialPowerModule,0x0025B81C,0x00251D08,0x00251D40,,0,256
277,ScavengerSpecialPower,0x0025B854,0x00251D94,0x00251DCC,,0,256
278,CloudBreakSpecialPower,0x0025B88C,0x00251E20,0x00251E58,,0,256
279,TaintSpecialPower,0x0025B8C4,0x00251EAC,0x00251EE4,,0,256
280,FreezingRainSpecialPower,0x0025B8FC,0x00251F38,0x00251F70,,0,256
281,DarknessSpecialPower,0x0025B934,0x00251FC4,0x00251FFC,,0,256
282,GrabPassengerSpecialPower,0x0025B96C,0x00252050,0x00252088,,0,256
283,DeflectSpecialPower,0x0025B9A4,0x002520DC,0x00252114,,0,273
284,SiegeDeploySpecialPower,0x0025B9DC,0x0025216B,0x002521A3,,0,257
285,SiegeDeployHordeSpecialPower,0x0025BA14,0x002521F4,0x0025222C,,0,257
286,StopSpecialPower,0x0025BA4C,0x0025227D,0x002522B5,,0,256
287,WoundArrowUpdate,0x0025BA81,0x00252309,0x00252344,,0,1
288,FellBeastSwoopPower,0x0025BAB6,0x002523B3,0x002523EE,,0,1
289,ManTheWallsSpecialPower,0x0025BAEE,0x00252442,0x002526DF,,0,256
290,UntamedAllegianceSpecialPower,0x0025BB26,0x0025247A,0x002524B2,,0,256
291,PlayerUpgradeSpecialPower,0x0025BB5E,0x00252503,0x0025253B,,0,256
292,PlayerHealSpecialPower,0x0025BB96,0x0025258F,0x002525C7,,0,256
293,DevastateSpecialPower,0x0025BBCE,0x0025261B,0x00252653,,0,256
294,SplitHordeSpecialPower,0x0025BC06,0x002526A7,0x002526DF,,0,256
295,RepairSpecialPower,0x0025BC3E,0x00252730,0x00252768,,0,256
296,CombineHordeSpecialPower,0x0025BC76,0x002527B9,0x002527F1,,0,256
297,HordeDispatchSpecialPower,0x0025BCAE,0x00252845,0x0025287D,,0,256
298,AnimatedParticleSysBoneClientUpdate,0x0025BCE7,0x00252957,0x00306A6E,,2,2048
299,SwayClientUpdate,0x0025BD20,0x0025298F,0x00306A6E,,2,2048
300,BeaconClientUpdate,0x0025BD59,0x002529C7,0x002529FF,,2,2048
301,RadarMarkerClientUpdate,0x0025BD92,0x00252AD9,0x00252B11,,2,2048
302,AnimationSoundClientBehavior,0x0025BDCB,0x00252B8A,0x00252BC2,,3,4096
303,ModelConditionSoundSelectorClientBehavior,0x0025BE04,0x00255C26,0x00252C13,,3,4096
304,UpgradeSoundSelectorClientBehavior,0x0025BE3D,0x00254BF7,0x00252C64,,3,4096
305,RandomSoundSelectorClientBehavior,0x0025BE76,0x00252D2A,0x0025792A,,3,4096
306,ModelConditionAudioLoopClientBehavior,0x0025BEAF,0x00252D62,0x00252D9A,,3,4096
307,TerrainResourceClientBehavior,0x0025BEE8,0x00254C56,0x00306A6E,,3,4096
308,EvaAnnounceClientCreate,0x0025BF21,0x00252A50,0x00252A88,,2,2048
