date,commit,total,byte_matched,decompiled
2026-08-29,cf8040b7ef,7978500,52412,52412
2026-08-30,8123391724,7978500,101269,98902
2026-08-31,b3ad638a45,7978500,117571,115223
2026-09-01,155ded2d69,7978500,122697,120349
2026-09-02,298d88a41f,7978500,127717,125369
2026-09-03,d4dc02b1f6,7978500,183893,181545
2026-09-04,b24ab80950,7978500,215750,213402
2026-09-05,70f3e7147c,7978500,245481,243133
2026-09-06,d288633ca0,7978500,304234,301886
2026-09-07,02949412e5,7978500,479020,471581
2026-09-08,c5323b6c80,7978500,672203,663258
2026-09-09,237f5d828a,7978500,675267,666079
2026-09-10,9f28d18b16,7978500,695390,686250
2026-09-11,45246259a0,7978500,712778,701146
2026-09-12,aa50c7761c,7978500,732656,720952
2026-09-13,c644e97b2b,7978500,800946,788798
2026-09-14,f871110eef,7978500,874415,860547
2026-09-15,cb37db5269,7978500,897870,884002
2026-09-16,834c8ffddd,7978500,904425,890451
2026-09-17,de6f9a2192,7978500,941039,927011
2026-09-18,50737e5b6b,7978500,1090488,1076291
2026-09-19,7357f10690,7978500,1188868,1167534
2026-09-20,536715ebc9,7978500,1286345,1265011
2026-09-21,9bfa300cb6,7978500,1374760,1352277
2026-09-22,c41aaf9220,7978500,1521677,1498116
2026-09-23,96043064c8,7978500,1926057,1593188
2026-09-24,3bfe8821b0,7978500,2059116,1725018
2026-09-25,3c0b039cc2,7978500,2105457,1768991
2026-09-26,93ea5d0c04,7978500,2187408,1850803
2026-09-27,69e8d53d43,7978500,2326461,1984034
2026-09-28,ed4c2d200d,7978500,2431031,2085457
2026-09-29,e7955abb81,7978500,2520940,2175366
2026-09-30,f81c888e84,7978500,2678417,2332843
2026-10-01,c4e0e37167,7978500,2826580,2481090
2026-10-02,710013d1cc,7978500,3001681,2648059
2026-10-03,97b81de38f,7978500,3121344,2767687
2026-10-04,1aa8810068,7978500,3362143,3007599
2026-10-05,9bc1b28fc4,7978500,3941411,3582527
2026-10-06,f2f8376346,7978500,4167048,3808298
2026-10-07,cf29b34ca0,7978500,4648302,4302379
2026-10-08,454ef2e525,7978500,5016958,4670821
