vtable_rva	label	slot	func_rva	func_name
0x7BB5C8	`vftable'	1	0xB3FD0	~Coord2D
0x7BB5C8	`vftable'	2	0x1272	GetSnapshotName
0x7BB5C8	`vftable'	3	0x1F4F5A	DoXfer
0x7BB910	`vftable'	1	0x47A699	IsCRC
0x7BB910	`vftable'	2	0x47A699	IsCRC
0x7BB910	`vftable'	3	0x47A699	IsCRC
0x7BB910	`vftable'	4	0x47A699	IsCRC
0x7E1548	`vftable'	1	0xB3FD0	~Coord2D
0x7E1548	`vftable'	2	0x1F354A	GetSnapshotName
0x7E1548	`vftable'	3	0x47A69C	DoXfer
0x7E1584	`vftable'	1	0xB3FD0	~Coord2D
0x7E1584	`vftable'	2	0x1F35BF	GetSnapshotName
0x7E1584	`vftable'	3	0x47A69C	DoXfer
0x7E15A4	`vftable'	1	0xB3FD0	~Coord2D
0x7E15A4	`vftable'	2	0x1F35D9	GetSnapshotName
0x7E15A4	`vftable'	3	0x3A547E	DoXfer
0x7E15A4	`vftable'	4	0x4A10FD	FUN_008a10fd
0x7E15A4	`vftable'	5	0xB3FD0	~Coord2D
0x7E16D8	`vftable'	1	0xB3FD0	~Coord2D
0x7E16D8	`vftable'	2	0x1F35D9	GetSnapshotName
0x7E16D8	`vftable'	3	0x3A547E	DoXfer
0x7E16D8	`vftable'	4	0x1F45C3	FUN_005f45c3
0x7E16D8	`vftable'	5	0x1F69B1	FUN_005f69b1
0x7E16D8	`vftable'	6	0x1F45C3	FUN_005f45c3
0x7E16D8	`vftable'	7	0x1F73D5	FUN_005f73d5
0x7E16D8	`vftable'	8	0x1F45C3	FUN_005f45c3
0x7E16D8	`vftable'	9	0x1F7740	FUN_005f7740
0x7E1A28	`vftable'	1	0xB3FD0	~Coord2D
0x7E1A28	`vftable'	2	0x1272	GetSnapshotName
0x7E1A28	`vftable'	3	0x1F4F5A	DoXfer
0x7E1A28	`vftable'	4	0x1FC3A3	FUN_005fc3a3
0x7E1A28	`vftable'	5	0x1F6201	FUN_005f6201
0x81BA60	`vftable'	1	0xB3FD0	~Coord2D
0x81BA60	`vftable'	2	0x3A611B	GetSnapshotName
0x81BA60	`vftable'	3	0x55B266	DoXfer
0x81BA80	`vftable'	1	0xB3FD0	~Coord2D
0x81BA80	`vftable'	2	0x3A611B	GetSnapshotName
0x81BA80	`vftable'	3	0x55B266	DoXfer
0x81BA90	`vftable'	1	0xB3FD0	~Coord2D
0x81BA90	`vftable'	2	0x3A6121	GetSnapshotName
0x81BA90	`vftable'	3	0x55B8CD	DoXfer
0x81BAB0	`vftable'	1	0xB3FD0	~Coord2D
0x81BAB0	`vftable'	2	0x3A6121	GetSnapshotName
0x81BAB0	`vftable'	3	0x55B8CD	DoXfer
0x81BAC0	`vftable'	1	0xB3FD0	~Coord2D
0x81BAC0	`vftable'	2	0x3A6127	GetSnapshotName
0x81BAC0	`vftable'	3	0x306A9B	DoXfer
0x81BAD0	`vftable'	1	0xB3FD0	~Coord2D
0x81BAD0	`vftable'	2	0x3A6127	GetSnapshotName
0x81BAD0	`vftable'	3	0x306A9B	DoXfer
0x81BAE0	`vftable'	1	0xB3FD0	~Coord2D
0x81BAE0	`vftable'	2	0x1F354A	GetSnapshotName
0x81BAE0	`vftable'	3	0x47A69C	DoXfer
0x81BB00	`vftable'	1	0xB3FD0	~Coord2D
0x81BB00	`vftable'	2	0x1F354A	GetSnapshotName
0x81BB00	`vftable'	3	0x47A69C	DoXfer
0x81BB10	`vftable'	1	0xB3FD0	~Coord2D
0x81BB10	`vftable'	2	0x1F354A	GetSnapshotName
0x81BB10	`vftable'	3	0x47A69C	DoXfer
0x81BB30	`vftable'	1	0xB3FD0	~Coord2D
0x81BB30	`vftable'	2	0x1F354A	GetSnapshotName
0x81BB30	`vftable'	3	0x47A69C	DoXfer
0x81BB40	`vftable'	1	0xB3FD0	~Coord2D
0x81BB40	`vftable'	2	0x1F354A	GetSnapshotName
0x81BB40	`vftable'	3	0x47A69C	DoXfer
0x81BB60	`vftable'	1	0xB3FD0	~Coord2D
0x81BB60	`vftable'	2	0x1F354A	GetSnapshotName
0x81BB60	`vftable'	3	0x47A69C	DoXfer
0x81BB70	`vftable'	1	0xB3FD0	~Coord2D
0x81BB70	`vftable'	2	0x1F354A	GetSnapshotName
0x81BB70	`vftable'	3	0x47A69C	DoXfer
0x81BBA0	`vftable'	1	0xB3FD0	~Coord2D
0x81BBA0	`vftable'	2	0x1F354A	GetSnapshotName
0x81BBA0	`vftable'	3	0x47A69C	DoXfer
0x81BBC0	`vftable'	1	0xB3FD0	~Coord2D
0x81BBC0	`vftable'	2	0x1F354A	GetSnapshotName
0x81BBC0	`vftable'	3	0x47A69C	DoXfer
0x81BBD0	`vftable'	1	0xB3FD0	~Coord2D
0x81BBD0	`vftable'	2	0x1F354A	GetSnapshotName
0x81BBD0	`vftable'	3	0x47A69C	DoXfer
0x81BBF0	`vftable'	1	0xB3FD0	~Coord2D
0x81BBF0	`vftable'	2	0x1F354A	GetSnapshotName
0x81BBF0	`vftable'	3	0x47A69C	DoXfer
0x81BC00	`vftable'	1	0xB3FD0	~Coord2D
0x81BC00	`vftable'	2	0x1F35BF	GetSnapshotName
0x81BC00	`vftable'	3	0x47A69C	DoXfer
0x81BC20	`vftable'	1	0xB3FD0	~Coord2D
0x81BC20	`vftable'	2	0x1F35BF	GetSnapshotName
0x81BC20	`vftable'	3	0x47A69C	DoXfer
0x81BC30	`vftable'	1	0xB3FD0	~Coord2D
0x81BC30	`vftable'	2	0x1F35BF	GetSnapshotName
0x81BC30	`vftable'	3	0x47A69C	DoXfer
0x81BC50	`vftable'	1	0xB3FD0	~Coord2D
0x81BC50	`vftable'	2	0x1F35BF	GetSnapshotName
0x81BC50	`vftable'	3	0x47A69C	DoXfer
0x81BC80	`vftable'	1	0xB3FD0	~Coord2D
0x81BC80	`vftable'	2	0x1F35BF	GetSnapshotName
0x81BC80	`vftable'	3	0x47A69C	DoXfer
0x81BC90	`vftable'	1	0xB3FD0	~Coord2D
0x81BC90	`vftable'	2	0x1F35BF	GetSnapshotName
0x81BC90	`vftable'	3	0x47A69C	DoXfer
0x81BCB0	`vftable'	1	0xB3FD0	~Coord2D
0x81BCB0	`vftable'	2	0x3A612D	GetSnapshotName
0x81BCB0	`vftable'	3	0x55EECB	DoXfer
0x81BCD0	`vftable'	1	0xB3FD0	~Coord2D
0x81BCD0	`vftable'	2	0x3A612D	GetSnapshotName
0x81BCD0	`vftable'	3	0x55EECB	DoXfer
0x81BCE0	`vftable'	1	0xB3FD0	~Coord2D
0x81BCE0	`vftable'	2	0x3A6133	GetSnapshotName
0x81BCE0	`vftable'	3	0x55F67C	DoXfer
0x81BD00	`vftable'	1	0xB3FD0	~Coord2D
0x81BD00	`vftable'	2	0x3A6133	GetSnapshotName
0x81BD00	`vftable'	3	0x55F67C	DoXfer
0x81BD10	`vftable'	1	0xB3FD0	~Coord2D
0x81BD10	`vftable'	2	0x3A613F	GetSnapshotName
0x81BD10	`vftable'	3	0x306A9B	DoXfer
0x81BD20	`vftable'	1	0xB3FD0	~Coord2D
0x81BD20	`vftable'	2	0x3A613F	GetSnapshotName
0x81BD20	`vftable'	3	0x306A9B	DoXfer
0x81BD30	`vftable'	1	0xB3FD0	~Coord2D
0x81BD30	`vftable'	2	0x3A6145	GetSnapshotName
0x81BD30	`vftable'	3	0x306A9B	DoXfer
0x81BD40	`vftable'	1	0xB3FD0	~Coord2D
0x81BD40	`vftable'	2	0x3A6145	GetSnapshotName
0x81BD40	`vftable'	3	0x306A9B	DoXfer
0x81BD50	`vftable'	1	0xB3FD0	~Coord2D
0x81BD50	`vftable'	2	0x3A614B	GetSnapshotName
0x81BD50	`vftable'	3	0x306A9B	DoXfer
0x81BD70	`vftable'	1	0xB3FD0	~Coord2D
0x81BD70	`vftable'	2	0x3A614B	GetSnapshotName
0x81BD70	`vftable'	3	0x306A9B	DoXfer
0x81BD80	`vftable'	1	0xB3FD0	~Coord2D
0x81BD80	`vftable'	2	0x3A6157	GetSnapshotName
0x81BD80	`vftable'	3	0x5614D9	DoXfer
0x81BDA0	`vftable'	1	0xB3FD0	~Coord2D
0x81BDA0	`vftable'	2	0x3A6157	GetSnapshotName
0x81BDA0	`vftable'	3	0x5614D9	DoXfer
0x81BDB0	`vftable'	1	0xB3FD0	~Coord2D
0x81BDB0	`vftable'	2	0x3A6163	GetSnapshotName
0x81BDB0	`vftable'	3	0x562182	DoXfer
0x81BDD0	`vftable'	1	0xB3FD0	~Coord2D
0x81BDD0	`vftable'	2	0x3A6163	GetSnapshotName
0x81BDD0	`vftable'	3	0x562182	DoXfer
0x81BDD0	`vftable'	4	0x3AA3A6	createTemplate
0x81BDD0	`vftable'	5	0x3AA3F4	createTemplate
0x81BDD0	`vftable'	6	0x3AA451	createTemplate
0x81BDD0	`vftable'	7	0x3AA49F	createTemplate
0x81BDD0	`vftable'	8	0x3AA4FC	createTemplate
0x81BDD0	`vftable'	9	0x3AA54A	createTemplate
0x81BDD0	`vftable'	10	0x3AC35B	createTemplate
0x81BDD0	`vftable'	11	0x3AC3A9	createTemplate
0x81BDD0	`vftable'	12	0x3AA5D2	createTemplate
0x81BDD0	`vftable'	13	0x3AA620	createTemplate
0x81BDD0	`vftable'	14	0x3AC3DB	createTemplate
0x81BDD0	`vftable'	15	0x3AC429	createTemplate
0x81BDE0	`vftable'	0	0x3AA3A6	createTemplate
0x81BDE0	`vftable'	1	0x3AA3F4	createTemplate
0x81BDE0	`vftable'	2	0x3AA451	createTemplate
0x81BDE0	`vftable'	3	0x3AA49F	createTemplate
0x81BDE0	`vftable'	4	0x3AA4FC	createTemplate
0x81BDE0	`vftable'	5	0x3AA54A	createTemplate
0x81BDE0	`vftable'	6	0x3AC35B	createTemplate
0x81BDE0	`vftable'	7	0x3AC3A9	createTemplate
0x81BDE0	`vftable'	8	0x3AA5D2	createTemplate
0x81BDE0	`vftable'	9	0x3AA620	createTemplate
0x81BDE0	`vftable'	10	0x3AC3DB	createTemplate
0x81BDE0	`vftable'	11	0x3AC429	createTemplate
0x81BDE8	`vftable'	0	0x3AA451	createTemplate
0x81BDE8	`vftable'	1	0x3AA49F	createTemplate
0x81BDE8	`vftable'	2	0x3AA4FC	createTemplate
0x81BDE8	`vftable'	3	0x3AA54A	createTemplate
0x81BDE8	`vftable'	4	0x3AC35B	createTemplate
0x81BDE8	`vftable'	5	0x3AC3A9	createTemplate
0x81BDE8	`vftable'	6	0x3AA5D2	createTemplate
0x81BDE8	`vftable'	7	0x3AA620	createTemplate
0x81BDE8	`vftable'	8	0x3AC3DB	createTemplate
0x81BDE8	`vftable'	9	0x3AC429	createTemplate
0x81BDF0	`vftable'	0	0x3AA4FC	createTemplate
0x81BDF0	`vftable'	1	0x3AA54A	createTemplate
0x81BDF0	`vftable'	2	0x3AC35B	createTemplate
0x81BDF0	`vftable'	3	0x3AC3A9	createTemplate
0x81BDF0	`vftable'	4	0x3AA5D2	createTemplate
0x81BDF0	`vftable'	5	0x3AA620	createTemplate
0x81BDF0	`vftable'	6	0x3AC3DB	createTemplate
0x81BDF0	`vftable'	7	0x3AC429	createTemplate
0x81BDF8	`vftable'	0	0x3AC35B	createTemplate
0x81BDF8	`vftable'	1	0x3AC3A9	createTemplate
0x81BDF8	`vftable'	2	0x3AA5D2	createTemplate
0x81BDF8	`vftable'	3	0x3AA620	createTemplate
0x81BDF8	`vftable'	4	0x3AC3DB	createTemplate
0x81BDF8	`vftable'	5	0x3AC429	createTemplate
0x81BE00	`vftable'	0	0x3AA5D2	createTemplate
0x81BE00	`vftable'	1	0x3AA620	createTemplate
0x81BE00	`vftable'	2	0x3AC3DB	createTemplate
0x81BE00	`vftable'	3	0x3AC429	createTemplate
0x81BE08	`vftable'	0	0x3AC3DB	createTemplate
0x81BE08	`vftable'	1	0x3AC429	createTemplate
0x81BE10	`vftable'	1	0xB3FD0	~Coord2D
0x81BE10	`vftable'	2	0x3A6127	GetSnapshotName
0x81BE10	`vftable'	3	0x306A9B	DoXfer
0x81BE20	`vftable'{for_`FXParticleSystem::ModuleTemplate'}	1	0x3A8A02	clone
0x81BE20	`vftable'{for_`FXParticleSystem::ModuleTemplate'}	2	0x3AD6DF	createModule
0x81BE20	`vftable'{for_`FXParticleSystem::ModuleTemplate'}	3	0x5613F9	writeINI
0x81BE30	`vftable'	1	0xB3FD0	~Coord2D
0x81BE30	`vftable'	2	0x3A613F	GetSnapshotName
0x81BE30	`vftable'	3	0x306A9B	DoXfer
0x81BE40	`vftable'{for_`FXParticleSystem::ModuleTemplate'}	1	0x3A8A1F	clone
0x81BE40	`vftable'{for_`FXParticleSystem::ModuleTemplate'}	2	0x3AD71B	createModule
0x81BE40	`vftable'{for_`FXParticleSystem::ModuleTemplate'}	3	0x5613F9	writeINI
0x81BE50	`vftable'	1	0xB3FD0	~Coord2D
0x81BE50	`vftable'	2	0x3A6145	GetSnapshotName
0x81BE50	`vftable'	3	0x306A9B	DoXfer
0x81BE60	`vftable'{for_`FXParticleSystem::ModuleTemplate'}	1	0x3A8A3C	clone
0x81BE60	`vftable'{for_`FXParticleSystem::ModuleTemplate'}	2	0x3AD757	createModule
0x81BE60	`vftable'{for_`FXParticleSystem::ModuleTemplate'}	3	0x5613F9	writeINI
0x81BE70	`vftable'	1	0xB3FD0	~Coord2D
0x81BE70	`vftable'	2	0x3A614B	GetSnapshotName
0x81BE70	`vftable'	3	0x306A9B	DoXfer
0x81BE80	`vftable'{for_`FXParticleSystem::ModuleTemplate'}	1	0x3A8A59	clone
0x81BE80	`vftable'{for_`FXParticleSystem::ModuleTemplate'}	2	0x3AD793	createModule
0x81BE80	`vftable'{for_`FXParticleSystem::ModuleTemplate'}	3	0x5613F9	writeINI
0x81BE90	`vftable'	1	0xB3FD0	~Coord2D
0x81BE90	`vftable'	2	0x3A6157	GetSnapshotName
0x81BE90	`vftable'	3	0x5614D9	DoXfer
0x81BEA0	`vftable'{for_`FXParticleSystem::ModuleTemplate'}	1	0x3A8A76	clone
0x81BEA0	`vftable'{for_`FXParticleSystem::ModuleTemplate'}	2	0x3AD80B	createModule
0x81BEA0	`vftable'{for_`FXParticleSystem::ModuleTemplate'}	3	0x561DB3	writeINI
0x81BEA0	`vftable'{for_`FXParticleSystem::ModuleTemplate'}	4	0x3AAFA2	createTemplate
0x81BEA0	`vftable'{for_`FXParticleSystem::ModuleTemplate'}	5	0x3AAFF3	createTemplate
0x81BEA0	`vftable'{for_`FXParticleSystem::ModuleTemplate'}	6	0x3AC857	createTemplate
0x81BEA0	`vftable'{for_`FXParticleSystem::ModuleTemplate'}	7	0x3AC8A5	createTemplate
0x81BEA0	`vftable'{for_`FXParticleSystem::ModuleTemplate'}	8	0x3AB129	createTemplate
0x81BEA0	`vftable'{for_`FXParticleSystem::ModuleTemplate'}	9	0x3AB177	createTemplate
0x81BEA0	`vftable'{for_`FXParticleSystem::ModuleTemplate'}	10	0x3AB1D4	createTemplate
0x81BEA0	`vftable'{for_`FXParticleSystem::ModuleTemplate'}	11	0x3AB222	createTemplate
0x81BEA0	`vftable'{for_`FXParticleSystem::ModuleTemplate'}	12	0x3AB27F	createTemplate
0x81BEA0	`vftable'{for_`FXParticleSystem::ModuleTemplate'}	13	0x3AB2CD	createTemplate
0x81BEA0	`vftable'{for_`FXParticleSystem::ModuleTemplate'}	14	0x3AB32A	createTemplate
0x81BEA0	`vftable'{for_`FXParticleSystem::ModuleTemplate'}	15	0x3AB378	createTemplate
0x81BEA0	`vftable'{for_`FXParticleSystem::ModuleTemplate'}	16	0x3AB45D	createTemplate
0x81BEA0	`vftable'{for_`FXParticleSystem::ModuleTemplate'}	17	0x3AB4A4	createTemplate
0x81BEA0	`vftable'{for_`FXParticleSystem::ModuleTemplate'}	18	0x3AB4E5	createTemplate
0x81BEA0	`vftable'{for_`FXParticleSystem::ModuleTemplate'}	19	0x3AB52C	createTemplate
0x81BEA0	`vftable'{for_`FXParticleSystem::ModuleTemplate'}	20	0x3AB56D	createTemplate
0x81BEA0	`vftable'{for_`FXParticleSystem::ModuleTemplate'}	21	0x3AB5B4	createTemplate
0x81BEA0	`vftable'{for_`FXParticleSystem::ModuleTemplate'}	22	0x3AB5F5	createTemplate
0x81BEA0	`vftable'{for_`FXParticleSystem::ModuleTemplate'}	23	0x3AB63C	createTemplate
0x81BEA0	`vftable'{for_`FXParticleSystem::ModuleTemplate'}	24	0x3AB67D	createTemplate
0x81BEA0	`vftable'{for_`FXParticleSystem::ModuleTemplate'}	25	0x3AB6CE	createTemplate
0x81BEA0	`vftable'{for_`FXParticleSystem::ModuleTemplate'}	26	0x3AB72E	createTemplate
0x81BEA0	`vftable'{for_`FXParticleSystem::ModuleTemplate'}	27	0x3AB77C	createTemplate
0x81BEB0	`vftable'	0	0x3AAFA2	createTemplate
0x81BEB0	`vftable'	1	0x3AAFF3	createTemplate
0x81BEB0	`vftable'	2	0x3AC857	createTemplate
0x81BEB0	`vftable'	3	0x3AC8A5	createTemplate
0x81BEB0	`vftable'	4	0x3AB129	createTemplate
0x81BEB0	`vftable'	5	0x3AB177	createTemplate
0x81BEB0	`vftable'	6	0x3AB1D4	createTemplate
0x81BEB0	`vftable'	7	0x3AB222	createTemplate
0x81BEB0	`vftable'	8	0x3AB27F	createTemplate
0x81BEB0	`vftable'	9	0x3AB2CD	createTemplate
0x81BEB0	`vftable'	10	0x3AB32A	createTemplate
0x81BEB0	`vftable'	11	0x3AB378	createTemplate
0x81BEB0	`vftable'	12	0x3AB45D	createTemplate
0x81BEB0	`vftable'	13	0x3AB4A4	createTemplate
0x81BEB0	`vftable'	14	0x3AB4E5	createTemplate
0x81BEB0	`vftable'	15	0x3AB52C	createTemplate
0x81BEB0	`vftable'	16	0x3AB56D	createTemplate
0x81BEB0	`vftable'	17	0x3AB5B4	createTemplate
0x81BEB0	`vftable'	18	0x3AB5F5	createTemplate
0x81BEB0	`vftable'	19	0x3AB63C	createTemplate
0x81BEB0	`vftable'	20	0x3AB67D	createTemplate
0x81BEB0	`vftable'	21	0x3AB6CE	createTemplate
0x81BEB0	`vftable'	22	0x3AB72E	createTemplate
0x81BEB0	`vftable'	23	0x3AB77C	createTemplate
0x81BEB8	`vftable'	0	0x3AC857	createTemplate
0x81BEB8	`vftable'	1	0x3AC8A5	createTemplate
0x81BEB8	`vftable'	2	0x3AB129	createTemplate
0x81BEB8	`vftable'	3	0x3AB177	createTemplate
0x81BEB8	`vftable'	4	0x3AB1D4	createTemplate
0x81BEB8	`vftable'	5	0x3AB222	createTemplate
0x81BEB8	`vftable'	6	0x3AB27F	createTemplate
0x81BEB8	`vftable'	7	0x3AB2CD	createTemplate
0x81BEB8	`vftable'	8	0x3AB32A	createTemplate
0x81BEB8	`vftable'	9	0x3AB378	createTemplate
0x81BEB8	`vftable'	10	0x3AB45D	createTemplate
0x81BEB8	`vftable'	11	0x3AB4A4	createTemplate
0x81BEB8	`vftable'	12	0x3AB4E5	createTemplate
0x81BEB8	`vftable'	13	0x3AB52C	createTemplate
0x81BEB8	`vftable'	14	0x3AB56D	createTemplate
0x81BEB8	`vftable'	15	0x3AB5B4	createTemplate
0x81BEB8	`vftable'	16	0x3AB5F5	createTemplate
0x81BEB8	`vftable'	17	0x3AB63C	createTemplate
0x81BEB8	`vftable'	18	0x3AB67D	createTemplate
0x81BEB8	`vftable'	19	0x3AB6CE	createTemplate
0x81BEB8	`vftable'	20	0x3AB72E	createTemplate
0x81BEB8	`vftable'	21	0x3AB77C	createTemplate
0x81BEC0	`vftable'	0	0x3AB129	createTemplate
0x81BEC0	`vftable'	1	0x3AB177	createTemplate
0x81BEC0	`vftable'	2	0x3AB1D4	createTemplate
0x81BEC0	`vftable'	3	0x3AB222	createTemplate
0x81BEC0	`vftable'	4	0x3AB27F	createTemplate
0x81BEC0	`vftable'	5	0x3AB2CD	createTemplate
0x81BEC0	`vftable'	6	0x3AB32A	createTemplate
0x81BEC0	`vftable'	7	0x3AB378	createTemplate
0x81BEC0	`vftable'	8	0x3AB45D	createTemplate
0x81BEC0	`vftable'	9	0x3AB4A4	createTemplate
0x81BEC0	`vftable'	10	0x3AB4E5	createTemplate
0x81BEC0	`vftable'	11	0x3AB52C	createTemplate
0x81BEC0	`vftable'	12	0x3AB56D	createTemplate
0x81BEC0	`vftable'	13	0x3AB5B4	createTemplate
0x81BEC0	`vftable'	14	0x3AB5F5	createTemplate
0x81BEC0	`vftable'	15	0x3AB63C	createTemplate
0x81BEC0	`vftable'	16	0x3AB67D	createTemplate
0x81BEC0	`vftable'	17	0x3AB6CE	createTemplate
0x81BEC0	`vftable'	18	0x3AB72E	createTemplate
0x81BEC0	`vftable'	19	0x3AB77C	createTemplate
0x81BEC8	`vftable'	0	0x3AB1D4	createTemplate
0x81BEC8	`vftable'	1	0x3AB222	createTemplate
0x81BEC8	`vftable'	2	0x3AB27F	createTemplate
0x81BEC8	`vftable'	3	0x3AB2CD	createTemplate
0x81BEC8	`vftable'	4	0x3AB32A	createTemplate
0x81BEC8	`vftable'	5	0x3AB378	createTemplate
0x81BEC8	`vftable'	6	0x3AB45D	createTemplate
0x81BEC8	`vftable'	7	0x3AB4A4	createTemplate
0x81BEC8	`vftable'	8	0x3AB4E5	createTemplate
0x81BEC8	`vftable'	9	0x3AB52C	createTemplate
0x81BEC8	`vftable'	10	0x3AB56D	createTemplate
0x81BEC8	`vftable'	11	0x3AB5B4	createTemplate
0x81BEC8	`vftable'	12	0x3AB5F5	createTemplate
0x81BEC8	`vftable'	13	0x3AB63C	createTemplate
0x81BEC8	`vftable'	14	0x3AB67D	createTemplate
0x81BEC8	`vftable'	15	0x3AB6CE	createTemplate
0x81BEC8	`vftable'	16	0x3AB72E	createTemplate
0x81BEC8	`vftable'	17	0x3AB77C	createTemplate
0x81BED0	`vftable'	0	0x3AB27F	createTemplate
0x81BED0	`vftable'	1	0x3AB2CD	createTemplate
0x81BED0	`vftable'	2	0x3AB32A	createTemplate
0x81BED0	`vftable'	3	0x3AB378	createTemplate
0x81BED0	`vftable'	4	0x3AB45D	createTemplate
0x81BED0	`vftable'	5	0x3AB4A4	createTemplate
0x81BED0	`vftable'	6	0x3AB4E5	createTemplate
0x81BED0	`vftable'	7	0x3AB52C	createTemplate
0x81BED0	`vftable'	8	0x3AB56D	createTemplate
0x81BED0	`vftable'	9	0x3AB5B4	createTemplate
0x81BED0	`vftable'	10	0x3AB5F5	createTemplate
0x81BED0	`vftable'	11	0x3AB63C	createTemplate
0x81BED0	`vftable'	12	0x3AB67D	createTemplate
0x81BED0	`vftable'	13	0x3AB6CE	createTemplate
0x81BED0	`vftable'	14	0x3AB72E	createTemplate
0x81BED0	`vftable'	15	0x3AB77C	createTemplate
0x81BED8	`vftable'	0	0x3AB32A	createTemplate
0x81BED8	`vftable'	1	0x3AB378	createTemplate
0x81BED8	`vftable'	2	0x3AB45D	createTemplate
0x81BED8	`vftable'	3	0x3AB4A4	createTemplate
0x81BED8	`vftable'	4	0x3AB4E5	createTemplate
0x81BED8	`vftable'	5	0x3AB52C	createTemplate
0x81BED8	`vftable'	6	0x3AB56D	createTemplate
0x81BED8	`vftable'	7	0x3AB5B4	createTemplate
0x81BED8	`vftable'	8	0x3AB5F5	createTemplate
0x81BED8	`vftable'	9	0x3AB63C	createTemplate
0x81BED8	`vftable'	10	0x3AB67D	createTemplate
0x81BED8	`vftable'	11	0x3AB6CE	createTemplate
0x81BED8	`vftable'	12	0x3AB72E	createTemplate
0x81BED8	`vftable'	13	0x3AB77C	createTemplate
0x81BEE0	`vftable'	0	0x3AB45D	createTemplate
0x81BEE0	`vftable'	1	0x3AB4A4	createTemplate
0x81BEE0	`vftable'	2	0x3AB4E5	createTemplate
0x81BEE0	`vftable'	3	0x3AB52C	createTemplate
0x81BEE0	`vftable'	4	0x3AB56D	createTemplate
0x81BEE0	`vftable'	5	0x3AB5B4	createTemplate
0x81BEE0	`vftable'	6	0x3AB5F5	createTemplate
0x81BEE0	`vftable'	7	0x3AB63C	createTemplate
0x81BEE0	`vftable'	8	0x3AB67D	createTemplate
0x81BEE0	`vftable'	9	0x3AB6CE	createTemplate
0x81BEE0	`vftable'	10	0x3AB72E	createTemplate
0x81BEE0	`vftable'	11	0x3AB77C	createTemplate
0x81BEE8	`vftable'	0	0x3AB4E5	createTemplate
0x81BEE8	`vftable'	1	0x3AB52C	createTemplate
0x81BEE8	`vftable'	2	0x3AB56D	createTemplate
0x81BEE8	`vftable'	3	0x3AB5B4	createTemplate
0x81BEE8	`vftable'	4	0x3AB5F5	createTemplate
0x81BEE8	`vftable'	5	0x3AB63C	createTemplate
0x81BEE8	`vftable'	6	0x3AB67D	createTemplate
0x81BEE8	`vftable'	7	0x3AB6CE	createTemplate
0x81BEE8	`vftable'	8	0x3AB72E	createTemplate
0x81BEE8	`vftable'	9	0x3AB77C	createTemplate
0x81BEF0	`vftable'	0	0x3AB56D	createTemplate
0x81BEF0	`vftable'	1	0x3AB5B4	createTemplate
0x81BEF0	`vftable'	2	0x3AB5F5	createTemplate
0x81BEF0	`vftable'	3	0x3AB63C	createTemplate
0x81BEF0	`vftable'	4	0x3AB67D	createTemplate
0x81BEF0	`vftable'	5	0x3AB6CE	createTemplate
0x81BEF0	`vftable'	6	0x3AB72E	createTemplate
0x81BEF0	`vftable'	7	0x3AB77C	createTemplate
0x81BEF8	`vftable'	0	0x3AB5F5	createTemplate
0x81BEF8	`vftable'	1	0x3AB63C	createTemplate
0x81BEF8	`vftable'	2	0x3AB67D	createTemplate
0x81BEF8	`vftable'	3	0x3AB6CE	createTemplate
0x81BEF8	`vftable'	4	0x3AB72E	createTemplate
0x81BEF8	`vftable'	5	0x3AB77C	createTemplate
0x81BF00	`vftable'	0	0x3AB67D	createTemplate
0x81BF00	`vftable'	1	0x3AB6CE	createTemplate
0x81BF00	`vftable'	2	0x3AB72E	createTemplate
0x81BF00	`vftable'	3	0x3AB77C	createTemplate
0x81BF08	`vftable'	0	0x3AB72E	createTemplate
0x81BF08	`vftable'	1	0x3AB77C	createTemplate
0x81BF10	`vftable'	1	0xB3FD0	~Coord2D
0x81BF10	`vftable'	2	0x3A611B	GetSnapshotName
0x81BF10	`vftable'	3	0x55B266	DoXfer
0x81BF20	`vftable'{for_`FXParticleSystem::ModuleTemplate'}	1	0x3A941F	clone
0x81BF20	`vftable'{for_`FXParticleSystem::ModuleTemplate'}	2	0x3AD886	createModule
0x81BF20	`vftable'{for_`FXParticleSystem::ModuleTemplate'}	3	0x55B735	writeINI
0x81BF30	`vftable'	1	0xB3FD0	~Coord2D
0x81BF30	`vftable'	2	0x3A6121	GetSnapshotName
0x81BF30	`vftable'	3	0x55B8CD	DoXfer
0x81BF40	`vftable'{for_`FXParticleSystem::ModuleTemplate'}	1	0x3A943F	clone
0x81BF40	`vftable'{for_`FXParticleSystem::ModuleTemplate'}	2	0x3AD8C5	createModule
0x81BF40	`vftable'{for_`FXParticleSystem::ModuleTemplate'}	3	0x55C263	writeINI
0x81BF50	`vftable'	1	0xB3FD0	~Coord2D
0x81BF50	`vftable'	2	0x3A612D	GetSnapshotName
0x81BF50	`vftable'	3	0x55EECB	DoXfer
0x81BF60	`vftable'{for_`FXParticleSystem::ModuleTemplate'}	1	0x3A945F	clone
0x81BF60	`vftable'{for_`FXParticleSystem::ModuleTemplate'}	2	0x3AD904	createModule
0x81BF60	`vftable'{for_`FXParticleSystem::ModuleTemplate'}	3	0x55F368	writeINI
0x81BF70	`vftable'	1	0xB3FD0	~Coord2D
0x81BF70	`vftable'	2	0x3A6133	GetSnapshotName
0x81BF70	`vftable'	3	0x55F67C	DoXfer
0x81BF70	`vftable'	4	0x3AD036	getClass
0x81BF80	`vftable'{for_`FXParticleSystem::CategoryModuleInfo<2>'}	0	0x3AD036	getClass
0x81BF84	`vftable'{for_`FXParticleSystem::ModuleTemplate'}	1	0x3A947C	clone
0x81BF84	`vftable'{for_`FXParticleSystem::ModuleTemplate'}	2	0x3AD940	createModule
0x81BF84	`vftable'{for_`FXParticleSystem::ModuleTemplate'}	3	0x55FB37	writeINI
0x81BF94	`vftable'	1	0xB3FD0	~Coord2D
0x81BF94	`vftable'	2	0x1F35D9	GetSnapshotName
0x81BF94	`vftable'	3	0x3A547E	DoXfer
0x81BFB4	`vftable'{for_`FXParticleSystem::CategoryModuleInfo<7>'}	0	0x3AD0C5	getClass
0x81BFB8	`vftable'{for_`FXParticleSystem::ModuleTemplate'}	1	0x3A9499	clone
0x81BFB8	`vftable'{for_`FXParticleSystem::ModuleTemplate'}	2	0x3AD97F	createModule
0x81BFB8	`vftable'{for_`FXParticleSystem::ModuleTemplate'}	3	0x3A5E78	FUN_007a5e78
0x81BFC8	`vftable'	1	0xB3FD0	~Coord2D
0x81BFC8	`vftable'	2	0x3A6163	GetSnapshotName
0x81BFC8	`vftable'	3	0x562182	DoXfer
0x81BFD8	`vftable'{for_`FXParticleSystem::ModuleTemplate'}	1	0x3A94B6	clone
0x81BFD8	`vftable'{for_`FXParticleSystem::ModuleTemplate'}	2	0x3AD9F7	createModule
0x81BFD8	`vftable'{for_`FXParticleSystem::ModuleTemplate'}	3	0x5625C5	writeINI
0x81BFE8	`vftable'	1	0xB3FD0	~Coord2D
0x81BFE8	`vftable'	2	0x1F35BF	GetSnapshotName
0x81BFE8	`vftable'	3	0x47A69C	DoXfer
0x81BFE8	`vftable'	4	0x3AD196	getClass
0x81BFF8	`vftable'{for_`FXParticleSystem::CategoryModuleInfo<4>'}	0	0x3AD196	getClass
0x81BFFC	`vftable'{for_`FXParticleSystem::ModuleTemplate'}	1	0x3A94D6	clone
0x81BFFC	`vftable'{for_`FXParticleSystem::ModuleTemplate'}	2	0x3ADA72	createModule
0x81BFFC	`vftable'{for_`FXParticleSystem::ModuleTemplate'}	3	0x55E969	writeINI
0x81C00C	`vftable'	1	0xB3FD0	~Coord2D
0x81C00C	`vftable'	2	0x1F35BF	GetSnapshotName
0x81C00C	`vftable'	3	0x47A69C	DoXfer
0x81C00C	`vftable'	4	0x3AD1C5	getClass
0x81C01C	`vftable'{for_`FXParticleSystem::CategoryModuleInfo<4>'}	0	0x3AD1C5	getClass
0x81C020	`vftable'{for_`FXParticleSystem::ModuleTemplate'}	1	0x3A94F3	clone
0x81C020	`vftable'{for_`FXParticleSystem::ModuleTemplate'}	2	0x3ADA95	createModule
0x81C020	`vftable'{for_`FXParticleSystem::ModuleTemplate'}	3	0x55EAAD	writeINI
0x81C020	`vftable'{for_`FXParticleSystem::ModuleTemplate'}	4	0x3AD1F4	getClass
0x81C030	`vftable'{for_`FXParticleSystem::CategoryModuleInfo<4>'}	0	0x3AD1F4	getClass
0x81C034	`vftable'{for_`FXParticleSystem::ModuleTemplate'}	1	0x3A9510	clone
0x81C034	`vftable'{for_`FXParticleSystem::ModuleTemplate'}	2	0x3ADAB8	createModule
0x81C034	`vftable'{for_`FXParticleSystem::ModuleTemplate'}	3	0x55EAAD	writeINI
0x81C044	`vftable'	1	0xB3FD0	~Coord2D
0x81C044	`vftable'	2	0x1F35BF	GetSnapshotName
0x81C044	`vftable'	3	0x47A69C	DoXfer
0x81C044	`vftable'	4	0x3AD223	getClass
0x81C054	`vftable'{for_`FXParticleSystem::CategoryModuleInfo<4>'}	0	0x3AD223	getClass
0x81C058	`vftable'{for_`FXParticleSystem::ModuleTemplate'}	1	0x3A952D	clone
0x81C058	`vftable'{for_`FXParticleSystem::ModuleTemplate'}	2	0x3ADADB	createModule
0x81C058	`vftable'{for_`FXParticleSystem::ModuleTemplate'}	3	0x55EBFA	writeINI
0x81C068	`vftable'	1	0xB3FD0	~Coord2D
0x81C068	`vftable'	2	0x1F35BF	GetSnapshotName
0x81C068	`vftable'	3	0x47A69C	DoXfer
0x81C068	`vftable'	4	0x3AD252	getClass
0x81C078	`vftable'{for_`FXParticleSystem::CategoryModuleInfo<4>'}	0	0x3AD252	getClass
0x81C07C	`vftable'{for_`FXParticleSystem::ModuleTemplate'}	1	0x3A954A	clone
0x81C07C	`vftable'{for_`FXParticleSystem::ModuleTemplate'}	2	0x3ADAFE	createModule
0x81C07C	`vftable'{for_`FXParticleSystem::ModuleTemplate'}	3	0x55ED5F	writeINI
0x81C08C	`vftable'	1	0xB3FD0	~Coord2D
0x81C08C	`vftable'	2	0x1F354A	GetSnapshotName
0x81C08C	`vftable'	3	0x47A69C	DoXfer
0x81C08C	`vftable'	4	0x3AD2A9	getClass
0x81C09C	`vftable'{for_`FXParticleSystem::CategoryModuleInfo<5>'}	0	0x3AD2A9	getClass
0x81C0A0	`vftable'{for_`FXParticleSystem::ModuleTemplate'}	1	0x3A9567	clone
0x81C0A0	`vftable'{for_`FXParticleSystem::ModuleTemplate'}	2	0x3ADB21	createModule
0x81C0A0	`vftable'{for_`FXParticleSystem::ModuleTemplate'}	3	0x55CC35	writeINI
0x81C0B0	`vftable'	1	0xB3FD0	~Coord2D
0x81C0B0	`vftable'	2	0x1F354A	GetSnapshotName
0x81C0B0	`vftable'	3	0x47A69C	DoXfer
0x81C0B0	`vftable'	4	0x3AD2E4	getClass
0x81C0C0	`vftable'{for_`FXParticleSystem::CategoryModuleInfo<5>'}	0	0x3AD2E4	getClass
0x81C0C4	`vftable'{for_`FXParticleSystem::ModuleTemplate'}	1	0x3A9584	clone
0x81C0C4	`vftable'{for_`FXParticleSystem::ModuleTemplate'}	2	0x3ADB44	createModule
0x81C0C4	`vftable'{for_`FXParticleSystem::ModuleTemplate'}	3	0x55CEAA	writeINI
0x81C0D4	`vftable'	1	0xB3FD0	~Coord2D
0x81C0D4	`vftable'	2	0x1F354A	GetSnapshotName
0x81C0D4	`vftable'	3	0x47A69C	DoXfer
0x81C0D4	`vftable'	4	0x3AD31A	getClass
0x81C0E4	`vftable'{for_`FXParticleSystem::CategoryModuleInfo<5>'}	0	0x3AD31A	getClass
0x81C0E8	`vftable'{for_`FXParticleSystem::ModuleTemplate'}	1	0x3A95A1	clone
0x81C0E8	`vftable'{for_`FXParticleSystem::ModuleTemplate'}	2	0x3ADB67	createModule
0x81C0E8	`vftable'{for_`FXParticleSystem::ModuleTemplate'}	3	0x55D2E8	writeINI
0x81C0F8	`vftable'	1	0xB3FD0	~Coord2D
0x81C0F8	`vftable'	2	0x1F354A	GetSnapshotName
0x81C0F8	`vftable'	3	0x47A69C	DoXfer
0x81C0F8	`vftable'	4	0x3AD350	getClass
0x81C108	`vftable'{for_`FXParticleSystem::CategoryModuleInfo<5>'}	0	0x3AD350	getClass
0x81C10C	`vftable'{for_`FXParticleSystem::ModuleTemplate'}	1	0x3A95BE	clone
0x81C10C	`vftable'{for_`FXParticleSystem::ModuleTemplate'}	2	0x3ADB8A	createModule
0x81C10C	`vftable'{for_`FXParticleSystem::ModuleTemplate'}	3	0x55D525	writeINI
0x81C11C	`vftable'	1	0xB3FD0	~Coord2D
0x81C11C	`vftable'	2	0x1F354A	GetSnapshotName
0x81C11C	`vftable'	3	0x47A69C	DoXfer
0x81C11C	`vftable'	4	0x3AD386	getClass
0x81C12C	`vftable'{for_`FXParticleSystem::CategoryModuleInfo<5>'}	0	0x3AD386	getClass
0x81C130	`vftable'{for_`FXParticleSystem::ModuleTemplate'}	1	0x3A95DB	clone
0x81C130	`vftable'{for_`FXParticleSystem::ModuleTemplate'}	2	0x3ADBAD	createModule
0x81C130	`vftable'{for_`FXParticleSystem::ModuleTemplate'}	3	0x55D815	writeINI
0x81C140	`vftable'	1	0xB3FD0	~Coord2D
0x81C140	`vftable'	2	0x1F354A	GetSnapshotName
0x81C140	`vftable'	3	0x47A69C	DoXfer
0x81C140	`vftable'	4	0x3AD3BC	getClass
0x81C150	`vftable'{for_`FXParticleSystem::CategoryModuleInfo<5>'}	0	0x3AD3BC	getClass
0x81C154	`vftable'{for_`FXParticleSystem::ModuleTemplate'}	1	0x3A95F8	clone
0x81C154	`vftable'{for_`FXParticleSystem::ModuleTemplate'}	2	0x3ADBD0	createModule
0x81C154	`vftable'{for_`FXParticleSystem::ModuleTemplate'}	3	0x55E39E	writeINI
0x81C164	`vftable'	1	0xB3FD0	~Coord2D
0x81C164	`vftable'	2	0x1F354A	GetSnapshotName
0x81C164	`vftable'	3	0x47A69C	DoXfer
0x81C164	`vftable'	4	0x3AD3F2	getClass
0x81C174	`vftable'{for_`FXParticleSystem::CategoryModuleInfo<5>'}	0	0x3AD3F2	getClass
0x81C178	`vftable'{for_`FXParticleSystem::ModuleTemplate'}	1	0x3A9618	clone
0x81C178	`vftable'{for_`FXParticleSystem::ModuleTemplate'}	2	0x3ADC0F	createModule
0x81C178	`vftable'{for_`FXParticleSystem::ModuleTemplate'}	3	0x55E6D4	writeINI
0x81C188	`vftable'	1	0xB3FD0	~Coord2D
0x81C188	`vftable'	2	0x3A6139	GetSnapshotName
0x81C188	`vftable'	3	0x563E72	DoXfer
0x81C1A8	`vftable'	1	0xB3FD0	~Coord2D
0x81C1A8	`vftable'	2	0x3A6139	GetSnapshotName
0x81C1A8	`vftable'	3	0x563E72	DoXfer
0x81C1B8	`vftable'	1	0xB3FD0	~Coord2D
0x81C1B8	`vftable'	2	0x3A6151	GetSnapshotName
0x81C1B8	`vftable'	3	0x562871	DoXfer
0x81C1D8	`vftable'	1	0xB3FD0	~Coord2D
0x81C1D8	`vftable'	2	0x3A6151	GetSnapshotName
0x81C1D8	`vftable'	3	0x562871	DoXfer
0x81C1E8	`vftable'	1	0xB3FD0	~Coord2D
0x81C1E8	`vftable'	2	0x3A615D	GetSnapshotName
0x81C1E8	`vftable'	3	0x56390A	DoXfer
0x81C208	`vftable'	1	0xB3FD0	~Coord2D
0x81C208	`vftable'	2	0x3A615D	GetSnapshotName
0x81C208	`vftable'	3	0x56390A	DoXfer
0x81C218	`vftable'	1	0xB3FD0	~Coord2D
0x81C218	`vftable'	2	0x3A6169	GetSnapshotName
0x81C218	`vftable'	3	0x56445E	DoXfer
0x81C238	`vftable'	1	0xB3FD0	~Coord2D
0x81C238	`vftable'	2	0x3A6169	GetSnapshotName
0x81C238	`vftable'	3	0x56445E	DoXfer
0x81C238	`vftable'	4	0x3AC2DB	createTemplate
0x81C238	`vftable'	5	0x3AC329	createTemplate
0x81C248	`vftable'	0	0x3AC2DB	createTemplate
0x81C248	`vftable'	1	0x3AC329	createTemplate
0x81C25C	`vftable'	1	0xB3FD0	~Coord2D
0x81C25C	`vftable'	2	0x3A6151	GetSnapshotName
0x81C25C	`vftable'	3	0x562871	DoXfer
0x81C25C	`vftable'	4	0x3ACE57	getClass
0x81C26C	`vftable'{for_`FXParticleSystem::CategoryModuleInfo<6>'}	0	0x3ACE57	getClass
0x81C270	`vftable'{for_`FXParticleSystem::ModuleTemplate'}	1	0x3AA911	clone
0x81C270	`vftable'{for_`FXParticleSystem::ModuleTemplate'}	2	0x3AD7CF	createModule
0x81C270	`vftable'{for_`FXParticleSystem::ModuleTemplate'}	3	0x563655	writeINI
0x81C280	`vftable'	1	0xB3FD0	~Coord2D
0x81C280	`vftable'	2	0x3A615D	GetSnapshotName
0x81C280	`vftable'	3	0x56390A	DoXfer
0x81C280	`vftable'	4	0x3ACEB5	getClass
0x81C290	`vftable'{for_`FXParticleSystem::CategoryModuleInfo<6>'}	0	0x3ACEB5	getClass
0x81C294	`vftable'{for_`FXParticleSystem::ModuleTemplate'}	1	0x3AA948	clone
0x81C294	`vftable'{for_`FXParticleSystem::ModuleTemplate'}	2	0x3AD84A	createModule
0x81C294	`vftable'{for_`FXParticleSystem::ModuleTemplate'}	3	0x563D3F	writeINI
0x81C294	`vftable'{for_`FXParticleSystem::ModuleTemplate'}	4	0x3AC54B	createTemplate
0x81C294	`vftable'{for_`FXParticleSystem::ModuleTemplate'}	5	0x3AC59C	createTemplate
0x81C294	`vftable'{for_`FXParticleSystem::ModuleTemplate'}	6	0x3AC5D1	createTemplate
0x81C294	`vftable'{for_`FXParticleSystem::ModuleTemplate'}	7	0x3AC622	createTemplate
0x81C294	`vftable'{for_`FXParticleSystem::ModuleTemplate'}	8	0x3AC657	createTemplate
0x81C294	`vftable'{for_`FXParticleSystem::ModuleTemplate'}	9	0x3AC6A5	createTemplate
0x81C294	`vftable'{for_`FXParticleSystem::ModuleTemplate'}	10	0x3AC6D7	createTemplate
0x81C294	`vftable'{for_`FXParticleSystem::ModuleTemplate'}	11	0x3AC725	createTemplate
0x81C294	`vftable'{for_`FXParticleSystem::ModuleTemplate'}	12	0x3AC757	createTemplate
0x81C294	`vftable'{for_`FXParticleSystem::ModuleTemplate'}	13	0x3AC7A5	createTemplate
0x81C294	`vftable'{for_`FXParticleSystem::ModuleTemplate'}	14	0x3AC7D7	createTemplate
0x81C294	`vftable'{for_`FXParticleSystem::ModuleTemplate'}	15	0x3AC825	createTemplate
0x81C294	`vftable'{for_`FXParticleSystem::ModuleTemplate'}	16	0x3AB07E	createTemplate
0x81C294	`vftable'{for_`FXParticleSystem::ModuleTemplate'}	17	0x3AB0CC	createTemplate
0x81C294	`vftable'{for_`FXParticleSystem::ModuleTemplate'}	18	0x3AB3D5	createTemplate
0x81C294	`vftable'{for_`FXParticleSystem::ModuleTemplate'}	19	0x3AB41C	createTemplate
0x81C2A4	`vftable'	0	0x3AC54B	createTemplate
0x81C2A4	`vftable'	1	0x3AC59C	createTemplate
0x81C2A4	`vftable'	2	0x3AC5D1	createTemplate
0x81C2A4	`vftable'	3	0x3AC622	createTemplate
0x81C2A4	`vftable'	4	0x3AC657	createTemplate
0x81C2A4	`vftable'	5	0x3AC6A5	createTemplate
0x81C2A4	`vftable'	6	0x3AC6D7	createTemplate
0x81C2A4	`vftable'	7	0x3AC725	createTemplate
0x81C2A4	`vftable'	8	0x3AC757	createTemplate
0x81C2A4	`vftable'	9	0x3AC7A5	createTemplate
0x81C2A4	`vftable'	10	0x3AC7D7	createTemplate
0x81C2A4	`vftable'	11	0x3AC825	createTemplate
0x81C2A4	`vftable'	12	0x3AB07E	createTemplate
0x81C2A4	`vftable'	13	0x3AB0CC	createTemplate
0x81C2A4	`vftable'	14	0x3AB3D5	createTemplate
0x81C2A4	`vftable'	15	0x3AB41C	createTemplate
0x81C2AC	`vftable'	0	0x3AC5D1	createTemplate
0x81C2AC	`vftable'	1	0x3AC622	createTemplate
0x81C2AC	`vftable'	2	0x3AC657	createTemplate
0x81C2AC	`vftable'	3	0x3AC6A5	createTemplate
0x81C2AC	`vftable'	4	0x3AC6D7	createTemplate
0x81C2AC	`vftable'	5	0x3AC725	createTemplate
0x81C2AC	`vftable'	6	0x3AC757	createTemplate
0x81C2AC	`vftable'	7	0x3AC7A5	createTemplate
0x81C2AC	`vftable'	8	0x3AC7D7	createTemplate
0x81C2AC	`vftable'	9	0x3AC825	createTemplate
0x81C2AC	`vftable'	10	0x3AB07E	createTemplate
0x81C2AC	`vftable'	11	0x3AB0CC	createTemplate
0x81C2AC	`vftable'	12	0x3AB3D5	createTemplate
0x81C2AC	`vftable'	13	0x3AB41C	createTemplate
0x81C2B4	`vftable'	0	0x3AC657	createTemplate
0x81C2B4	`vftable'	1	0x3AC6A5	createTemplate
0x81C2B4	`vftable'	2	0x3AC6D7	createTemplate
0x81C2B4	`vftable'	3	0x3AC725	createTemplate
0x81C2B4	`vftable'	4	0x3AC757	createTemplate
0x81C2B4	`vftable'	5	0x3AC7A5	createTemplate
0x81C2B4	`vftable'	6	0x3AC7D7	createTemplate
0x81C2B4	`vftable'	7	0x3AC825	createTemplate
0x81C2B4	`vftable'	8	0x3AB07E	createTemplate
0x81C2B4	`vftable'	9	0x3AB0CC	createTemplate
0x81C2B4	`vftable'	10	0x3AB3D5	createTemplate
0x81C2B4	`vftable'	11	0x3AB41C	createTemplate
0x81C2BC	`vftable'	0	0x3AC6D7	createTemplate
0x81C2BC	`vftable'	1	0x3AC725	createTemplate
0x81C2BC	`vftable'	2	0x3AC757	createTemplate
0x81C2BC	`vftable'	3	0x3AC7A5	createTemplate
0x81C2BC	`vftable'	4	0x3AC7D7	createTemplate
0x81C2BC	`vftable'	5	0x3AC825	createTemplate
0x81C2BC	`vftable'	6	0x3AB07E	createTemplate
0x81C2BC	`vftable'	7	0x3AB0CC	createTemplate
0x81C2BC	`vftable'	8	0x3AB3D5	createTemplate
0x81C2BC	`vftable'	9	0x3AB41C	createTemplate
0x81C2C4	`vftable'	0	0x3AC757	createTemplate
0x81C2C4	`vftable'	1	0x3AC7A5	createTemplate
0x81C2C4	`vftable'	2	0x3AC7D7	createTemplate
0x81C2C4	`vftable'	3	0x3AC825	createTemplate
0x81C2C4	`vftable'	4	0x3AB07E	createTemplate
0x81C2C4	`vftable'	5	0x3AB0CC	createTemplate
0x81C2C4	`vftable'	6	0x3AB3D5	createTemplate
0x81C2C4	`vftable'	7	0x3AB41C	createTemplate
0x81C2CC	`vftable'	0	0x3AC7D7	createTemplate
0x81C2CC	`vftable'	1	0x3AC825	createTemplate
0x81C2CC	`vftable'	2	0x3AB07E	createTemplate
0x81C2CC	`vftable'	3	0x3AB0CC	createTemplate
0x81C2CC	`vftable'	4	0x3AB3D5	createTemplate
0x81C2CC	`vftable'	5	0x3AB41C	createTemplate
0x81C2D4	`vftable'	0	0x3AB07E	createTemplate
0x81C2D4	`vftable'	1	0x3AB0CC	createTemplate
0x81C2D4	`vftable'	2	0x3AB3D5	createTemplate
0x81C2D4	`vftable'	3	0x3AB41C	createTemplate
0x81C2DC	`vftable'	0	0x3AB3D5	createTemplate
0x81C2DC	`vftable'	1	0x3AB41C	createTemplate
0x81C2E4	`vftable'	1	0xB3FD0	~Coord2D
0x81C2E4	`vftable'	2	0x3A6139	GetSnapshotName
0x81C2E4	`vftable'	3	0x563E72	DoXfer
0x81C2F4	`vftable'{for_`FXParticleSystem::ModuleTemplate'}	1	0x3AB991	clone
0x81C2F4	`vftable'{for_`FXParticleSystem::ModuleTemplate'}	2	0x3AD9BB	createModule
0x81C2F4	`vftable'{for_`FXParticleSystem::ModuleTemplate'}	3	0x56435C	writeINI
0x81C304	`vftable'	1	0xB3FD0	~Coord2D
0x81C304	`vftable'	2	0x3A6169	GetSnapshotName
0x81C304	`vftable'	3	0x56445E	DoXfer
0x81C314	`vftable'{for_`FXParticleSystem::ModuleTemplate'}	1	0x3AB9C8	clone
0x81C314	`vftable'{for_`FXParticleSystem::ModuleTemplate'}	2	0x3ADA36	createModule
0x81C314	`vftable'{for_`FXParticleSystem::ModuleTemplate'}	3	0x56499B	writeINI
0x81C780	`vftable'	1	0x3AF929	FUN_007af929
0x81C780	`vftable'	2	0xB3FD0	~Coord2D
0x81C900	`vftable'{for_`FXParticleSystem::CategoryModuleInfo<1>'}	0	0x3ACF2D	getClass
0x81C900	`vftable'{for_`FXParticleSystem::CategoryModuleInfo<1>'}	1	0x3AE270	FUN_007ae270
0x81C900	`vftable'{for_`FXParticleSystem::CategoryModuleInfo<1>'}	2	0x55B489	FUN_0095b489
0x81C950	`vftable'{for_`FXParticleSystem::CategoryModuleInfo<0>'}	0	0x3ACF63	getClass
0x81C950	`vftable'{for_`FXParticleSystem::CategoryModuleInfo<0>'}	1	0x3AE270	FUN_007ae270
0x81CA00	`vftable'{for_`FXParticleSystem::CategoryModuleInfo<8>'}	0	0x3AD0FB	getClass
0x81CA00	`vftable'{for_`FXParticleSystem::CategoryModuleInfo<8>'}	1	0x3AE33C	FUN_007ae33c
0x81CA00	`vftable'{for_`FXParticleSystem::CategoryModuleInfo<8>'}	2	0x563F34	FUN_00963f34
0x81CA3C	`vftable'{for_`FXParticleSystem::CategoryModuleInfo<2>'}	0	0x3AD131	getClass
0x81CA3C	`vftable'{for_`FXParticleSystem::CategoryModuleInfo<2>'}	1	0x3AE270	FUN_007ae270
0x81CAA0	`vftable'{for_`FXParticleSystem::CategoryModuleInfo<8>'}	0	0x3AD167	getClass
0x81CAA0	`vftable'{for_`FXParticleSystem::CategoryModuleInfo<8>'}	1	0x3AE33C	FUN_007ae33c
0x81CAA0	`vftable'{for_`FXParticleSystem::CategoryModuleInfo<8>'}	2	0x564743	FUN_00964743
0x81CC24	`vftable'{for_`FXParticleSystem::CategoryModuleInfo<6>'}	0	0x3ACD9B	getClass
0x81CC24	`vftable'{for_`FXParticleSystem::CategoryModuleInfo<6>'}	1	0x3AD257	FUN_007ad257
0x81CC24	`vftable'{for_`FXParticleSystem::CategoryModuleInfo<6>'}	2	0xB3FD0	~Coord2D
0x81CC54	`vftable'{for_`FXParticleSystem::CategoryModuleInfo<6>'}	0	0x3ACDCA	getClass
0x81CC54	`vftable'{for_`FXParticleSystem::CategoryModuleInfo<6>'}	1	0x3AD257	FUN_007ad257
0x81CC54	`vftable'{for_`FXParticleSystem::CategoryModuleInfo<6>'}	2	0xB3FD0	~Coord2D
0x81CC54	`vftable'{for_`FXParticleSystem::CategoryModuleInfo<6>'}	3	0x3AE4AE	FUN_007ae4ae
0x81CC54	`vftable'{for_`FXParticleSystem::CategoryModuleInfo<6>'}	4	0x560AE1	FUN_00960ae1
0x81CC54	`vftable'{for_`FXParticleSystem::CategoryModuleInfo<6>'}	5	0x55FD6B	FUN_0095fd6b
0x81CC54	`vftable'{for_`FXParticleSystem::CategoryModuleInfo<6>'}	6	0x560ABA	FUN_00960aba
0x81CC54	`vftable'{for_`FXParticleSystem::CategoryModuleInfo<6>'}	7	0x4BD9CB	FUN_008bd9cb
0x81CC94	`vftable'{for_`FXParticleSystem::CategoryModuleInfo<6>'}	0	0x3ACDF9	getClass
0x81CC94	`vftable'{for_`FXParticleSystem::CategoryModuleInfo<6>'}	1	0x3AD257	FUN_007ad257
0x81CC94	`vftable'{for_`FXParticleSystem::CategoryModuleInfo<6>'}	2	0xB3FD0	~Coord2D
0x81CC94	`vftable'{for_`FXParticleSystem::CategoryModuleInfo<6>'}	3	0x3AE538	FUN_007ae538
0x81CC94	`vftable'{for_`FXParticleSystem::CategoryModuleInfo<6>'}	4	0x560AE1	FUN_00960ae1
0x81CC94	`vftable'{for_`FXParticleSystem::CategoryModuleInfo<6>'}	5	0x5601D9	FUN_009601d9
0x81CC94	`vftable'{for_`FXParticleSystem::CategoryModuleInfo<6>'}	6	0x560ABA	FUN_00960aba
0x81CC94	`vftable'{for_`FXParticleSystem::CategoryModuleInfo<6>'}	7	0x4BD9CB	FUN_008bd9cb
0x81CCD4	`vftable'{for_`FXParticleSystem::CategoryModuleInfo<6>'}	0	0x3ACE28	getClass
0x81CCD4	`vftable'{for_`FXParticleSystem::CategoryModuleInfo<6>'}	1	0x3AD257	FUN_007ad257
0x81CCD4	`vftable'{for_`FXParticleSystem::CategoryModuleInfo<6>'}	2	0xB3FD0	~Coord2D
0x81CCD4	`vftable'{for_`FXParticleSystem::CategoryModuleInfo<6>'}	3	0x3AE5C2	FUN_007ae5c2
0x81CCD4	`vftable'{for_`FXParticleSystem::CategoryModuleInfo<6>'}	4	0x560AE1	FUN_00960ae1
0x81CCD4	`vftable'{for_`FXParticleSystem::CategoryModuleInfo<6>'}	5	0x560B11	FUN_00960b11
0x81CCD4	`vftable'{for_`FXParticleSystem::CategoryModuleInfo<6>'}	6	0x560ABA	FUN_00960aba
0x81CCD4	`vftable'{for_`FXParticleSystem::CategoryModuleInfo<6>'}	7	0x4BD9CB	FUN_008bd9cb
0x81CD50	`vftable'{for_`FXParticleSystem::CategoryModuleInfo<6>'}	0	0x3ACE86	getClass
0x81CD50	`vftable'{for_`FXParticleSystem::CategoryModuleInfo<6>'}	1	0x3AD257	FUN_007ad257
0x81CD50	`vftable'{for_`FXParticleSystem::CategoryModuleInfo<6>'}	2	0xB3FD0	~Coord2D
0x81CD50	`vftable'{for_`FXParticleSystem::CategoryModuleInfo<6>'}	3	0x3AE758	FUN_007ae758
0x81CD50	`vftable'{for_`FXParticleSystem::CategoryModuleInfo<6>'}	4	0x561527	FUN_00961527
0x81CD50	`vftable'{for_`FXParticleSystem::CategoryModuleInfo<6>'}	5	0x561564	FUN_00961564
0x81CD50	`vftable'{for_`FXParticleSystem::CategoryModuleInfo<6>'}	6	0x560ABA	FUN_00960aba
0x81CD50	`vftable'{for_`FXParticleSystem::CategoryModuleInfo<6>'}	7	0x4BD9CB	FUN_008bd9cb
0x81CE1C	`vftable'{for_`FXParticleSystem::CategoryModuleInfo<3>'}	0	0x3AD000	getClass
0x81CE1C	`vftable'{for_`FXParticleSystem::CategoryModuleInfo<3>'}	1	0x3AE270	FUN_007ae270
0x81CE1C	`vftable'{for_`FXParticleSystem::CategoryModuleInfo<3>'}	2	0x55F000	FUN_0095f000
